DATASET	N_CONFS	ISOMERIC_SMILES	NONISOMERIC_SMILES
gen2-torsion	48	C1CC1(CO)O	C1CC1(CO)O
gen2-torsion	24	CS(=NC(=O)C=C)(=O)C	CS(=NC(=O)C=C)(=O)C
gen2-torsion	24	CCC1(CC(=O)c2ccccc2O1)CC	CCC1(CC(=O)c2ccccc2O1)CC
gen2-torsion	24	C[C@H](C1=NC=CN1)NC(=O)C	CC(C1=NC=CN1)NC(=O)C
gen2-torsion	48	COP(=O)(NC(=O)C(Cl)(Cl)Cl)OC	COP(=O)(NC(=O)C(Cl)(Cl)Cl)OC
gen2-torsion	48	c1c(ncc(n1)Br)C2(CC2)CN	c1c(ncc(n1)Br)C2(CC2)CN
gen2-torsion	24	CC(C)c1ccc2c(c1)C=C(N2)C(=O)O	CC(C)c1ccc2c(c1)C=C(N2)C(=O)O
gen2-torsion	48	c1ccc(cc1)CS(=O)(=O)NO	c1ccc(cc1)CS(=O)(=O)NO
gen2-torsion	24	COc1cc(c(cc1I)O)F	COc1cc(c(cc1I)O)F
gen2-torsion	13	C[C@@H]1C[C@@H]1N2C(=O)C3=C(N(C2=O)CC4CCC4)SC(=C3C)CN5CCNC5=O	CC1CC1N2C(=O)C3=C(N(C2=O)CC4CCC4)SC(=C3C)CN5CCNC5=O
gen2-torsion	24	c1cc(c(cc1F)F)C2(CC2)CN3C(=O)N4[C@@H](CCCC4=N3)C(=O)N5CC[C@@H](C5)F	c1cc(c(cc1F)F)C2(CC2)CN3C(=O)N4C(CCCC4=N3)C(=O)N5CCC(C5)F
gen2-torsion	24	c1cc(c(cc1F)[N+](=O)[O-])[C@@H]2COC(=O)N2	c1cc(c(cc1F)[N+](=O)[O-])C2COC(=O)N2
gen2-torsion	24	COC[C@]1(CCC2=C(C1)c3c(ncnc3Nc4ccc5c(c4)C=NN5)N2)OC	COCC1(CCC2=C(C1)c3c(ncnc3Nc4ccc5c(c4)C=NN5)N2)OC
gen2-torsion	48	CC(=O)/C=N/NC(C)(C)C	CC(=O)C=NNC(C)(C)C
gen2-torsion	24	C[C@@H]1CN(CC[C@@]1(C)O)C(=O)CN2N=CC=N2	CC1CN(CCC1(C)O)C(=O)CN2N=CC=N2
gen2-torsion	24	CNC(=O)[C@H](CCSC)N	CNC(=O)C(CCSC)N
gen2-torsion	24	CN(C)C(=O)C1=C(C=CN1)O	CN(C)C(=O)C1=C(C=CN1)O
gen2-torsion	24	Cc1c(c(c(c(n1)C)C(=O)OCCO)c2ccccc2OC)C(=O)OC	Cc1c(c(c(c(n1)C)C(=O)OCCO)c2ccccc2OC)C(=O)OC
gen2-torsion	24	c1ccc(cc1)/C=C\S(=O)(=O)c2ccc(c(c2)Cl)Cl	c1ccc(cc1)C=CS(=O)(=O)c2ccc(c(c2)Cl)Cl
gen2-torsion	48	C(CBr)C1=NN=NN1	C(CBr)C1=NN=NN1
gen2-torsion	48	CNC(=O)[C@H](CCSC)N	CNC(=O)C(CCSC)N
gen2-torsion	24	Cc1cc2c(c(c1Cl)O)Oc3ccc(c(c3C(=O)OC2)OC)[C@@H](CC(C)C)O	Cc1cc2c(c(c1Cl)O)Oc3ccc(c(c3C(=O)OC2)OC)C(CC(C)C)O
gen2-torsion	48	CC1=NC(=NN1)/N=N\c2ccc(cc2)O	CC1=NC(=NN1)N=Nc2ccc(cc2)O
gen2-torsion	14	C1CC1(C2=NOC=C2)C(=O)O	C1CC1(C2=NOC=C2)C(=O)O
gen2-torsion	48	c1cc(ccc1C(=O)C[N+]23CN4CN(C2)CN(C4)C3)Cl	c1cc(ccc1C(=O)C[N+]23CN4CN(C2)CN(C4)C3)Cl
gen2-torsion	48	CC1=C(SC(=N1)C)CN2C(=O)C=C(C=N2)N(C)C	CC1=C(SC(=N1)C)CN2C(=O)C=C(C=N2)N(C)C
gen2-torsion	26	c1cc2c(cc1OC(=O)c3ccc(cc3F)Cl)OCO2	c1cc2c(cc1OC(=O)c3ccc(cc3F)Cl)OCO2
gen2-torsion	24	COC1=NNC=C1	COC1=NNC=C1
gen2-torsion	24	C[N@](CC1=NC=CS1)c2c3c(nc(n2)N)CCCC3	CN(CC1=NC=CS1)c2c3c(nc(n2)N)CCCC3
gen2-torsion	9	c1ccc(c(c1)N2C(=O)C3=C(C2=O)CCCC3)F	c1ccc(c(c1)N2C(=O)C3=C(C2=O)CCCC3)F
gen2-torsion	24	CN(C)C(=O)C1(CC1)c2ccccc2	CN(C)C(=O)C1(CC1)c2ccccc2
gen2-torsion	24	c1cc(c(cc1Br)[N+](=O)[O-])CCO	c1cc(c(cc1Br)[N+](=O)[O-])CCO
gen2-torsion	24	CN1C(=C(C(=N1)C(F)F)C(=O)N[C@@H]2CCCC[C@@H]2[C@@H]3C[C@@H]3C4CC4)F	CN1C(=C(C(=N1)C(F)F)C(=O)NC2CCCCC2C3CC3C4CC4)F
gen2-torsion	48	CC(=O)N[C@H](CO)[C@H](c1ccccc1)O	CC(=O)NC(CO)C(c1ccccc1)O
gen2-torsion	7	CC1=NOC(=C1CC(=O)O)C2=CC=CS2	CC1=NOC(=C1CC(=O)O)C2=CC=CS2
gen2-torsion	24	C[C@H]1C[C@@H]1N2C(=O)C3=C(N(C2=O)CC(F)(F)F)SC=C3C	CC1CC1N2C(=O)C3=C(N(C2=O)CC(F)(F)F)SC=C3C
gen2-torsion	24	c1cc(cc(c1)OC(C(F)F)(F)F)N	c1cc(cc(c1)OC(C(F)F)(F)F)N
gen2-torsion	24	C[N@@](c1ccccc1)S(=O)(=O)C	CN(c1ccccc1)S(=O)(=O)C
gen2-torsion	13	CCCCCc1c(nc(c(c1c2ccc(cc2)F)CO)C(C)C)C=C(C)C	CCCCCc1c(nc(c(c1c2ccc(cc2)F)CO)C(C)C)C=C(C)C
gen2-torsion	9	c1cnc(cc1Cl)[S@](=O)O	c1cnc(cc1Cl)S(=O)O
gen2-torsion	24	Cc1ccc(cc1)S(=O)(=O)N2CC3(C2)CN(C3)C(C)C	Cc1ccc(cc1)S(=O)(=O)N2CC3(C2)CN(C3)C(C)C
gen2-torsion	24	c1cc(c(cc1F)OCC2OCCO2)F	c1cc(c(cc1F)OCC2OCCO2)F
gen2-torsion	12	C/C=C(/C[C@@](CO)(C(F)(F)F)O)\c1ccc(cc1OC)C(C)C	CC=C(CC(CO)(C(F)(F)F)O)c1ccc(cc1OC)C(C)C
gen2-torsion	48	c1ccc(cc1)Cc2ccccc2	c1ccc(cc1)Cc2ccccc2
gen2-torsion	24	Cc1cc(cc(c1Cc2ccc(c(c2)Cc3ccc(cc3)F)O)C)NC(=O)C(=O)O	Cc1cc(cc(c1Cc2ccc(c(c2)Cc3ccc(cc3)F)O)C)NC(=O)C(=O)O
gen2-torsion	24	c1ccc(cc1)C2=NOC3(C2=O)CCCCC3	c1ccc(cc1)C2=NOC3(C2=O)CCCCC3
gen2-torsion	24	CC1=Cc2cc(c(cc2C(=NN1C(=O)NC)c3ccc(cc3)[N@@](C)S(=O)(=O)C)OC)OC	CC1=Cc2cc(c(cc2C(=NN1C(=O)NC)c3ccc(cc3)N(C)S(=O)(=O)C)OC)OC
gen2-torsion	24	COc1ccc(cc1)[C@]23[C@H](C[C@@H]([C@@]2(c4c(cc(cc4OC)OC)O3)O)O)c5ccccc5	COc1ccc(cc1)C23C(CC(C2(c4c(cc(cc4OC)OC)O3)O)O)c5ccccc5
gen2-torsion	28	Cc1ccccc1C2=NN=N[N-]2	Cc1ccccc1C2=NN=N[N-]2
gen2-torsion	24	CCCSSCC	CCCSSCC
gen2-torsion	24	CS(=O)(=O)Cc1ccccc1	CS(=O)(=O)Cc1ccccc1
gen2-torsion	48	Cc1cccc(c1N(C(=O)COC)N2CCOC2=O)C	Cc1cccc(c1N(C(=O)COC)N2CCOC2=O)C
gen2-torsion	14	c1cc(c(c(c1)F)/C=N/N2C=NN=C2)F	c1cc(c(c(c1)F)C=NN2C=NN=C2)F
gen2-torsion	24	CC[C@H](CCl)Cl	CCC(CCl)Cl
gen2-torsion	24	CC(C)[N@](C)c1c(cncc1F)F	CC(C)N(C)c1c(cncc1F)F
gen2-torsion	24	Cc1cc(cc(c1O)C)S(=O)(=O)c2cc(c(c(c2)C)O)C	Cc1cc(cc(c1O)C)S(=O)(=O)c2cc(c(c(c2)C)O)C
gen2-torsion	48	c1cc(c(c(c1)F)OC(Cl)(Cl)Cl)[N+](=O)[O-]	c1cc(c(c(c1)F)OC(Cl)(Cl)Cl)[N+](=O)[O-]
gen2-torsion	24	C[C@H](C1=CC=CN1)N	CC(C1=CC=CN1)N
gen2-torsion	24	CN1CCN(CC1)c2c(cncn2)C(=O)OC	CN1CCN(CC1)c2c(cncn2)C(=O)OC
gen2-torsion	48	c1ccc(cc1)CN=[N+]=[N-]	c1ccc(cc1)CN=[N+]=[N-]
gen2-torsion	24	c1cnc(nc1)C2=NC=CO2	c1cnc(nc1)C2=NC=CO2
gen2-torsion	11	CCCS(=O)(=O)Nc1ccc(cc1)C2=NC(=C(O2)C)CCOc3ccc4c(c3)CC[C@@H]4CC(=O)O	CCCS(=O)(=O)Nc1ccc(cc1)C2=NC(=C(O2)C)CCOc3ccc4c(c3)CCC4CC(=O)O
gen2-torsion	24	C1=CSC(=C1)CNO	C1=CSC(=C1)CNO
gen2-torsion	24	c1ccc(c(c1)C2=CSC=N2)O	c1ccc(c(c1)C2=CSC=N2)O
gen2-torsion	24	CC[C@H]1C[C@]1(c2ccc(nn2)OC)N	CCC1CC1(c2ccc(nn2)OC)N
gen2-torsion	48	CC(=O)Nc1ccccn1	CC(=O)Nc1ccccn1
gen2-torsion	24	COP(=O)(NC(=O)C(Cl)(Cl)Cl)OC	COP(=O)(NC(=O)C(Cl)(Cl)Cl)OC
gen2-torsion	24	Cc1ccc(cc1)S(=O)(=O)/N=N\C2CCSCC2	Cc1ccc(cc1)S(=O)(=O)N=NC2CCSCC2
gen2-torsion	24	C[C@H](CNC(=O)C)NC(=O)C	CC(CNC(=O)C)NC(=O)C
gen2-torsion	24	CCC(=O)OC(=O)C	CCC(=O)OC(=O)C
gen2-torsion	24	CCC1(CCC1)CCCS(=O)(=O)c2ccccc2	CCC1(CCC1)CCCS(=O)(=O)c2ccccc2
gen2-torsion	9	CCOc1ccccc1/C=C/2\C(=O)N=C(S2)S	CCOc1ccccc1C=C2C(=O)N=C(S2)S
gen2-torsion	11	c1ccnc(c1)OS(=O)(=O)c2ccc(cc2)F	c1ccnc(c1)OS(=O)(=O)c2ccc(cc2)F
gen2-torsion	24	CO/N=C/C(=C\c1ccc(cc1)F)/C#N	CON=CC(=Cc1ccc(cc1)F)C#N
gen2-torsion	13	CN(C)S(=O)(=O)C1=NC=CN1	CN(C)S(=O)(=O)C1=NC=CN1
gen2-torsion	48	c1ccnc(c1)OS(=O)(=O)c2ccc(cc2)F	c1ccnc(c1)OS(=O)(=O)c2ccc(cc2)F
gen2-torsion	24	CC(C)COC(=O)N\1c2ccccc2S/C1=N/C(=O)N(C)C	CC(C)COC(=O)N1c2ccccc2SC1=NC(=O)N(C)C
gen2-torsion	24	C(N)[P@@H](=O)O	C(N)P(=O)O
gen2-torsion	48	CN(C)C(=O)C1=CC=NN1c2ccccc2	CN(C)C(=O)C1=CC=NN1c2ccccc2
gen2-torsion	24	c1cc2c(cc1OC(F)(F)F)SC(=N2)Br	c1cc2c(cc1OC(F)(F)F)SC(=N2)Br
gen2-torsion	36	c1ccc2c(c1)CCCN2C(=O)CN3C=Cc4c3cccc4	c1ccc2c(c1)CCCN2C(=O)CN3C=Cc4c3cccc4
gen2-torsion	24	C1C[C@@H](C[C@H]1C(=O)O)O	C1CC(CC1C(=O)O)O
gen2-torsion	24	C1CO[C@H]2CNC[C@H]2N1C(=O)CC(F)(F)F	C1COC2CNCC2N1C(=O)CC(F)(F)F
gen2-torsion	24	c1cc(ccc1/N=N\C(C#N)C#N)I	c1cc(ccc1N=NC(C#N)C#N)I
gen2-torsion	24	CC(=O)Oc1ccccn1	CC(=O)Oc1ccccn1
gen2-torsion	24	C[C@@H](COC)NC(=O)C	CC(COC)NC(=O)C
gen2-torsion	24	COC[C@@]1(CCC2=C(C1)c3c(ncnc3Nc4ccc5c(c4)C=NN5)N2)OC	COCC1(CCC2=C(C1)c3c(ncnc3Nc4ccc5c(c4)C=NN5)N2)OC
gen2-torsion	24	C1CC1N2CCN(CC2)C3(CC3)C(=O)O	C1CC1N2CCN(CC2)C3(CC3)C(=O)O
gen2-torsion	13	c1ccc(cc1)OCC2=NCC=CN2	c1ccc(cc1)OCC2=NCC=CN2
gen2-torsion	24	CCO	CCO
gen2-torsion	24	c1ccc(cc1)C(=O)N2CCCCC2	c1ccc(cc1)C(=O)N2CCCCC2
gen2-torsion	13	C/C=C\1/c2ccc(cc2CCC=C1c3ccc(cc3)O)O	CC=C1c2ccc(cc2CCC=C1c3ccc(cc3)O)O
gen2-torsion	11	CN(C)/C=C\C(=O)c1cnccn1	CN(C)C=CC(=O)c1cnccn1
gen2-torsion	13	COc1ccc(cc1OC)C2=CC=c3ccccc3=[O+]2	COc1ccc(cc1OC)C2=CC=c3ccccc3=[O+]2
gen2-torsion	24	CCOc1cc(ccc1C#N)S(=O)(=O)Cl	CCOc1cc(ccc1C#N)S(=O)(=O)Cl
gen2-torsion	24	CCN1C(=O)C2=C(N(C1=O)CCC(F)(F)F)SC(=C2C)CN3CCOCC3=O	CCN1C(=O)C2=C(N(C1=O)CCC(F)(F)F)SC(=C2C)CN3CCOCC3=O
gen2-torsion	48	c1ccc2c(c1)CCCN2C(=O)C3(CC3)c4cccc(c4)Cl	c1ccc2c(c1)CCCN2C(=O)C3(CC3)c4cccc(c4)Cl
gen2-torsion	24	CC1=NOc2c1c(cc(n2)C3CC3)C(=O)/N=C\4/NN=CS4	CC1=NOc2c1c(cc(n2)C3CC3)C(=O)N=C4NN=CS4
gen2-torsion	24	CSc1ccc(cc1)N2C[C@H](OC2=O)CF	CSc1ccc(cc1)N2CC(OC2=O)CF
gen2-torsion	24	CC(C)N1CCC[C@@]2(C1=O)CC[N@@](C2)S(=O)(=O)c3ccc(cc3F)F	CC(C)N1CCCC2(C1=O)CCN(C2)S(=O)(=O)c3ccc(cc3F)F
gen2-torsion	24	COC(=O)CC1=CS/C(=N/S(=O)(=O)C)/N1	COC(=O)CC1=CSC(=NS(=O)(=O)C)N1
gen2-torsion	24	CCO	CCO
gen2-torsion	24	CNC(=O)NC1COC1	CNC(=O)NC1COC1
gen2-torsion	24	C[C@@H](C(=O)NC)NC(=O)C(C)C	CC(C)C(=O)NC(C)C(=O)NC
gen2-torsion	24	CNC(=O)C1COC1	CNC(=O)C1COC1
gen2-torsion	24	CNC(=O)CN1Cc2ccccc2C1	CNC(=O)CN1Cc2ccccc2C1
gen2-torsion	48	c1ccc2c(c1)CC=CN2c3ccccc3F	c1ccc2c(c1)CC=CN2c3ccccc3F
gen2-torsion	24	CC1=C(CCCc2c1ccc(c2)O)c3cccc(c3)O	CC1=C(CCCc2c1ccc(c2)O)c3cccc(c3)O
gen2-torsion	24	CCOP(=O)(N)OCC	CCOP(=O)(N)OCC
gen2-torsion	24	CC(C)(C)OC(=O)[C@@]1(COC[C@H]1F)N(C(=O)OC(C)(C)C)S(=O)(=O)O	CC(C)(C)OC(=O)C1(COCC1F)N(C(=O)OC(C)(C)C)S(=O)(=O)O
gen2-torsion	24	CCOCCOc1cc(c(cc1C#N)F)N2C(=O)[C@@H]3CCCCN3C2=O	CCOCCOc1cc(c(cc1C#N)F)N2C(=O)C3CCCCN3C2=O
gen2-torsion	24	CC1(CCC1)c2ccccc2	CC1(CCC1)c2ccccc2
gen2-torsion	24	CS(=O)(=O)Cc1ccccc1	CS(=O)(=O)Cc1ccccc1
gen2-torsion	24	C1C[C@H]2CC(C[C@@H]1C2=NO)C(=O)O	C1CC2CC(CC1C2=NO)C(=O)O
gen2-torsion	24	C1C[C@@H](NC1)CCCS(=O)(=O)CCC(F)(F)F	C1CC(NC1)CCCS(=O)(=O)CCC(F)(F)F
gen2-torsion	24	CCN(CC)/N=N\c1ccc(cc1)S(=O)(=O)N	CCN(CC)N=Nc1ccc(cc1)S(=O)(=O)N
gen2-torsion	24	c1ccc(cc1)S(=O)(=O)[N@@]2CCC=N2	c1ccc(cc1)S(=O)(=O)N2CCC=N2
gen2-torsion	24	CCOC(=O)C[N@@](CCO)Cc1ccccc1	CCOC(=O)CN(CCO)Cc1ccccc1
gen2-torsion	24	C[C@H]1C[C@@H]2CN(CC[C@H]2O1)C(=O)CS(=O)(=O)C	CC1CC2CN(CCC2O1)C(=O)CS(=O)(=O)C
gen2-torsion	24	CC(C)(C#N)/N=N/C(=O)N	CC(C)(C#N)N=NC(=O)N
gen2-torsion	9	CN1C=N/C(=C\C2=CC=CO2)/C1=O	CN1C=NC(=CC2=CC=CO2)C1=O
gen2-torsion	24	CC(c1ccccc1)c2ccccc2	CC(c1ccccc1)c2ccccc2
gen2-torsion	48	CNC(=O)[C@H](CCSC)N	CNC(=O)C(CCSC)N
gen2-torsion	24	CC(=O)O[C@H]1[C@H](Sc2ccccc2N(C1=O)CCN(C)C)c3ccc(cc3)OC	CC(=O)OC1C(Sc2ccccc2N(C1=O)CCN(C)C)c3ccc(cc3)OC
gen2-torsion	24	C1CC1(C2=NOC=C2)C(=O)O	C1CC1(C2=NOC=C2)C(=O)O
gen2-torsion	48	CNCC(Cl)Cl	CNCC(Cl)Cl
gen2-torsion	24	c1ccc(cc1)O[C@H]2CCCC[C@@H]2O	c1ccc(cc1)OC2CCCCC2O
gen2-torsion	48	CC(C)C(=O)NNC=O	CC(C)C(=O)NNC=O
gen2-torsion	24	CC(C)(C(=O)N)Cl	CC(C)(C(=O)N)Cl
gen2-torsion	24	C(CBr)C1=NN=NN1	C(CBr)C1=NN=NN1
gen2-torsion	48	C[C@H]1C[C@H]2CN(CC[C@@H]2O1)C(=O)CC3=CC=CS3	CC1CC2CN(CCC2O1)C(=O)CC3=CC=CS3
gen2-torsion	24	c1cncc(c1C2=NOCCO2)S(=O)(=O)N	c1cncc(c1C2=NOCCO2)S(=O)(=O)N
gen2-torsion	24	c1ccc2c(c1)C(=NS(=O)(=O)O2)N	c1ccc2c(c1)C(=NS(=O)(=O)O2)N
gen2-torsion	24	Cc1cc(c(nc1C)[N@]2CC[C@]3(C2)CCCN(C3=O)CC4CC4)C#N	Cc1cc(c(nc1C)N2CCC3(C2)CCCN(C3=O)CC4CC4)C#N
gen2-torsion	24	CC(=O)c1ccccc1O	CC(=O)c1ccccc1O
gen2-torsion	24	C1C(CO1)(CO)O	C1C(CO1)(CO)O
gen2-torsion	11	CN1C=N/C(=C\C2=CC=CO2)/C1=O	CN1C=NC(=CC2=CC=CO2)C1=O
gen2-torsion	48	CC(=C)C1(CC1)CON	CC(=C)C1(CC1)CON
gen2-torsion	24	CCN1C(=O)C2=C(N(C1=O)CCSC(F)(F)F)SC(=C2C)CN3CCNC3=O	CCN1C(=O)C2=C(N(C1=O)CCSC(F)(F)F)SC(=C2C)CN3CCNC3=O
gen2-torsion	24	C[C@H](C(F)(F)F)Oc1cc(c(cc1C(=O)NC2(CC2)c3ccc(cc3)F)F)N4C(=O)N5CCCCC5=N4	CC(C(F)(F)F)Oc1cc(c(cc1C(=O)NC2(CC2)c3ccc(cc3)F)F)N4C(=O)N5CCCCC5=N4
gen2-torsion	24	CCOC(=O)C1(CCC2(CCCO2)CC1)O	CCOC(=O)C1(CCC2(CCCO2)CC1)O
gen2-torsion	24	CS(=O)(=O)CC(=O)c1cccc(c1)N	CS(=O)(=O)CC(=O)c1cccc(c1)N
gen2-torsion	24	CC(=O)Sc1cc(cc(c1)Cl)Cl	CC(=O)Sc1cc(cc(c1)Cl)Cl
gen2-torsion	24	C1C[C@@H](NC1)CCS(=O)(=O)CCCC(F)(F)F	C1CC(NC1)CCS(=O)(=O)CCCC(F)(F)F
gen2-torsion	24	C[C@H](C1=NC(=O)NN1)NC#N	CC(C1=NC(=O)NN1)NC#N
gen2-torsion	48	c1cc(c(c(c1)Cl)NC(=O)c2cccnc2)Cl	c1cc(c(c(c1)Cl)NC(=O)c2cccnc2)Cl
gen2-torsion	14	C1CC1(C2=NOC=C2)C(=O)O	C1CC1(C2=NOC=C2)C(=O)O
gen2-torsion	24	C[C@H]1CN(C[C@@]1(C(C)C)O)C(=O)C(C)(C)N	CC1CN(CC1(C(C)C)O)C(=O)C(C)(C)N
gen2-torsion	24	CC(C)[C@H](CO)Nc1c(cnc(n1)Nc2ccc(cc2)S(=O)(=O)NO)Br	CC(C)C(CO)Nc1c(cnc(n1)Nc2ccc(cc2)S(=O)(=O)NO)Br
gen2-torsion	24	CC1=C(SC2=C1C(=O)N(C(=O)N2CCOC)CC3(CC3)C)CN4CCNC4=O	CC1=C(SC2=C1C(=O)N(C(=O)N2CCOC)CC3(CC3)C)CN4CCNC4=O
gen2-torsion	48	CS(=O)(=O)c1ccc(c(c1OCCN2N=CN=N2)Cl)C(=O)C3C(=O)CCCC3=O	CS(=O)(=O)c1ccc(c(c1OCCN2N=CN=N2)Cl)C(=O)C3C(=O)CCCC3=O
gen2-torsion	48	C1=CNC(=C1)[C@H](C(F)F)N	C1=CNC(=C1)C(C(F)F)N
gen2-torsion	24	COc1ccc2c(c1)CCCC(=C2CCCCCO)c3ccc(cc3)S(=O)(=O)C	COc1ccc2c(c1)CCCC(=C2CCCCCO)c3ccc(cc3)S(=O)(=O)C
gen2-torsion	24	CC1=C(N(N=C1)C)N2CCCCC2	CC1=C(N(N=C1)C)N2CCCCC2
gen2-torsion	24	COCN1C=NC(=C1c2ccc(cc2)OC)c3ccc(cc3)OC	COCN1C=NC(=C1c2ccc(cc2)OC)c3ccc(cc3)OC
gen2-torsion	48	C1[C@H](O1)CCCF	C1C(O1)CCCF
gen2-torsion	24	C[C@@H]1C[C@@H]2CN(CC[C@H]2O1)C(=O)COC	CC1CC2CN(CCC2O1)C(=O)COC
gen2-torsion	24	CNC(=O)C1=NC=CN1	CNC(=O)C1=NC=CN1
gen2-torsion	24	CC(C)(COc1cccc(c1)O)O	CC(C)(COc1cccc(c1)O)O
gen2-torsion	24	Cc1c(c(ccc1C(=O)OC)Br)C	Cc1c(c(ccc1C(=O)OC)Br)C
gen2-torsion	24	CC1(Cc2cccc(c2O1)OC(=O)N(C)C(=O)OCCN3CCCCC3)C	CC1(Cc2cccc(c2O1)OC(=O)N(C)C(=O)OCCN3CCCCC3)C
gen2-torsion	24	CNS(=O)(=O)c1ccccc1	CNS(=O)(=O)c1ccccc1
gen2-torsion	24	CCOCCN1C(=O)C2=C(N(C1=O)CCCF)SC(=C2C)CN3CCNC3=O	CCOCCN1C(=O)C2=C(N(C1=O)CCCF)SC(=C2C)CN3CCNC3=O
gen2-torsion	24	CCCCc1cc2ccccc2c(n1)O	CCCCc1cc2ccccc2c(n1)O
gen2-torsion	24	CC1=Nc2cc(c(cc2N(C1=O)C(C)C)N3C(=O)N(N(C3=O)C(F)F)C)F	CC1=Nc2cc(c(cc2N(C1=O)C(C)C)N3C(=O)N(N(C3=O)C(F)F)C)F
gen2-torsion	11	c1cc(ccc1C[C@@H](C(=O)O)N)OCCF	c1cc(ccc1CC(C(=O)O)N)OCCF
gen2-torsion	24	c1cc(ccc1C[C@@H](C(=O)O)N)OCCF	c1cc(ccc1CC(C(=O)O)N)OCCF
gen2-torsion	11	CC[C@@H]1C[C@]1(c2ccc(nn2)OC)N	CCC1CC1(c2ccc(nn2)OC)N
gen2-torsion	10	c1ccc(c(c1)c2ccccn2)C3=NC=CO3	c1ccc(c(c1)c2ccccn2)C3=NC=CO3
gen2-torsion	24	CC(C)N1C(=CC(=N1)CS(=O)(=O)C)OC(=O)N(C)C	CC(C)N1C(=CC(=N1)CS(=O)(=O)C)OC(=O)N(C)C
gen2-torsion	48	C[N@@](c1ccccc1)S(=O)(=O)C	CN(c1ccccc1)S(=O)(=O)C
gen2-torsion	26	C[C@@]1(CC(=O)N1)C2=NC=CS2	CC1(CC(=O)N1)C2=NC=CS2
gen2-torsion	24	CN(C)C(=O)C1(CC1)c2ccccc2	CN(C)C(=O)C1(CC1)c2ccccc2
gen2-torsion	48	CCO	CCO
gen2-torsion	24	C[N+]1=CN(C=C1)S(=O)(=O)N2C=CN=C2	C[N+]1=CN(C=C1)S(=O)(=O)N2C=CN=C2
gen2-torsion	11	CN1C2=C(N=C1N/N=C/c3ccc(cc3O)O)N(C(=O)N=C2O)C	CN1C2=C(N=C1NN=Cc3ccc(cc3O)O)N(C(=O)N=C2O)C
gen2-torsion	24	c1c(cnc(n1)C2(CC2)CO)Br	c1c(cnc(n1)C2(CC2)CO)Br
gen2-torsion	14	CC1=CC=C(S1)/C=N/Nc2ccnc3c2ccc(c3)Cl	CC1=CC=C(S1)C=NNc2ccnc3c2ccc(c3)Cl
gen2-torsion	48	C1C=CC(C=C1)C2=CC=CNC2=O	C1C=CC(C=C1)C2=CC=CNC2=O
gen2-torsion	13	c1cc(cc(c1)NC2=NCCN2)C#N	c1cc(cc(c1)NC2=NCCN2)C#N
gen2-torsion	24	CC1=C(C(=NS(=O)(=O)N1)C)/N=N\c2ccc3c(c2)CCC(O3)(C)C	CC1=C(C(=NS(=O)(=O)N1)C)N=Nc2ccc3c(c2)CCC(O3)(C)C
gen2-torsion	10	C1=C(NNC1=O)CN	C1=C(NNC1=O)CN
gen2-torsion	48	Cc1ccc(cc1)S(=O)(=O)NC2=Nc3c(cccc3S2)C	Cc1ccc(cc1)S(=O)(=O)NC2=Nc3c(cccc3S2)C
gen2-torsion	13	C/C=C\C(C)C	CC=CC(C)C
gen2-torsion	24	c1ccc(cc1)P(=N)(c2ccccc2)c3ccccc3	c1ccc(cc1)P(=N)(c2ccccc2)c3ccccc3
gen2-torsion	24	C[N+](C)(C)/C=C\C(=O)c1ccc(cc1)Br	C[N+](C)(C)C=CC(=O)c1ccc(cc1)Br
gen2-torsion	11	Cc1cc(cc(c1O)C)c2ccc3c(c2)nc(cn3)N4CCN(CC4)C[C@@H]5CCC[N@](C5)C	Cc1cc(cc(c1O)C)c2ccc3c(c2)nc(cn3)N4CCN(CC4)CC5CCCN(C5)C
gen2-torsion	24	c1ccc(cc1)/[N+](=N/c2ccccc2C3CC3)/[O-]	c1ccc(cc1)[N+](=Nc2ccccc2C3CC3)[O-]
gen2-torsion	24	CC1(C[C@]1(C(=O)N)C(=O)O)C	CC1(CC1(C(=O)N)C(=O)O)C
gen2-torsion	24	c1ccc(cc1)CN(Cc2ccccc2)C[C@@H](COc3ccccc3)O	c1ccc(cc1)CN(Cc2ccccc2)CC(COc3ccccc3)O
gen2-torsion	7	Cc1ccccc1C2=NN=N[N-]2	Cc1ccccc1C2=NN=N[N-]2
gen2-torsion	48	c1cc(c(cc1Cl)Cl)OCN2C=C(C=N2)N	c1cc(c(cc1Cl)Cl)OCN2C=C(C=N2)N
gen2-torsion	24	CC(=O)NCC1=NC=CN1	CC(=O)NCC1=NC=CN1
gen2-torsion	24	CS(=O)(=O)Nc1ccccc1	CS(=O)(=O)Nc1ccccc1
gen2-torsion	24	Cc1ccccc1COc2ccccc2	Cc1ccccc1COc2ccccc2
gen2-torsion	24	c1cc(c(c(c1)F)CS(=O)(=O)C(F)(F)F)F	c1cc(c(c(c1)F)CS(=O)(=O)C(F)(F)F)F
gen2-torsion	24	CCC[NH+]1CCCC1	CCC[NH+]1CCCC1
gen2-torsion	24	CC(C)c1ccc2c(c1)C=C(N2)C(=O)O	CC(C)c1ccc2c(c1)C=C(N2)C(=O)O
gen2-torsion	22	c1c(cc(c(c1F)F)F)OC(Cl)(Cl)Cl	c1c(cc(c(c1F)F)F)OC(Cl)(Cl)Cl
gen2-torsion	24	Cc1ccc(cc1)S(=O)(=O)/N=N\C2CCSCC2	Cc1ccc(cc1)S(=O)(=O)N=NC2CCSCC2
gen2-torsion	48	c1cc(c(cc1Br)C(=O)C2CC2)F	c1cc(c(cc1Br)C(=O)C2CC2)F
gen2-torsion	24	C[C@H](c1ccccc1)C(=O)NC	CC(c1ccccc1)C(=O)NC
gen2-torsion	24	C1CC1N2CCN(CC2)C3(CC3)C(=O)O	C1CC1N2CCN(CC2)C3(CC3)C(=O)O
gen2-torsion	48	c1ccc(cc1)CS(=O)(=O)c2ccccc2	c1ccc(cc1)CS(=O)(=O)c2ccccc2
gen2-torsion	24	c1cncc(c1C2=NOCCO2)S(=O)(=O)N	c1cncc(c1C2=NOCCO2)S(=O)(=O)N
gen2-torsion	13	c1cc2c(cc1F)OC(=O)NC2=O	c1cc2c(cc1F)OC(=O)NC2=O
gen2-torsion	24	c1ccc(cc1)C2(CC2)C(=O)CN3C=NC=C3C#N	c1ccc(cc1)C2(CC2)C(=O)CN3C=NC=C3C#N
gen2-torsion	24	CC[N@]1C[C@@]23CNC[C@@H](O2)C[C@@H]3S1(=O)=O	CCN1CC23CNCC(O2)CC3S1(=O)=O
gen2-torsion	24	C1=NC(=[O+]C(=O)C(F)(F)F)N=C1	C1=NC(=[O+]C(=O)C(F)(F)F)N=C1
gen2-torsion	24	C1C[C@H](CC=C1)C(=O)O	C1CC(CC=C1)C(=O)O
gen2-torsion	24	Cc1ccc(cc1)S(=O)(=O)/N=N\C2CCSCC2	Cc1ccc(cc1)S(=O)(=O)N=NC2CCSCC2
gen2-torsion	24	CC/C(=C\C)/C	CCC(=CC)C
gen2-torsion	24	CC[C@@H]1C[C@]1(c2ccc(nn2)OC)N	CCC1CC1(c2ccc(nn2)OC)N
gen2-torsion	24	Cc1ccc(c(c1)I)NC(=O)C(C)(C)C	Cc1ccc(c(c1)I)NC(=O)C(C)(C)C
gen2-torsion	9	c1ccnc(c1)[C@H]2CCCO2	c1ccnc(c1)C2CCCO2
gen2-torsion	10	C1[C@H](O1)CCCF	C1C(O1)CCCF
gen2-torsion	24	COc1cc(c(cc1I)O)F	COc1cc(c(cc1I)O)F
gen2-torsion	24	CC(C)(C#N)/N=N/C(=O)N	CC(C)(C#N)N=NC(=O)N
gen2-torsion	7	CC1=NOC(=C1CC(=O)O)C2=CC=CS2	CC1=NOC(=C1CC(=O)O)C2=CC=CS2
gen2-torsion	24	C(N)[P@H](=O)O	C(N)P(=O)O
gen2-torsion	24	CN(C)C(=O)C1(CC1)c2ccccc2	CN(C)C(=O)C1(CC1)c2ccccc2
gen2-torsion	24	c1cc2c(cc1OC(=O)c3ccc(cc3F)Cl)OCO2	c1cc2c(cc1OC(=O)c3ccc(cc3F)Cl)OCO2
gen2-torsion	24	c1ccc2c(c1)N=C(N2Cc3ccc(cc3)[C@H]4CCCC[C@@H]4C(=O)O)C5CC5	c1ccc2c(c1)N=C(N2Cc3ccc(cc3)C4CCCCC4C(=O)O)C5CC5
gen2-torsion	24	CCCC	CCCC
gen2-torsion	24	c1cc(ccc1C[C@H](C(=O)O)N)OC2CC(C2)F	c1cc(ccc1CC(C(=O)O)N)OC2CC(C2)F
gen2-torsion	24	c1cc(ccc1c2ccc(cc2)OSOc3ccc(cc3)Cl)OSOc4ccc(cc4)Cl	c1cc(ccc1c2ccc(cc2)OSOc3ccc(cc3)Cl)OSOc4ccc(cc4)Cl
gen2-torsion	24	CC(=O)c1ccc(cc1)S(=C)(=C)C	CC(=O)c1ccc(cc1)S(=C)(=C)C
gen2-torsion	24	CC(C)(C)[C@H]([C@H](N1C=CN=C1)Oc2ccccc2)O	CC(C)(C)C(C(N1C=CN=C1)Oc2ccccc2)O
gen2-torsion	24	COCc1cc(ncn1)C=S(=O)(C)C	COCc1cc(ncn1)C=S(=O)(C)C
gen2-torsion	24	CC(=O)N(C)[C@@H](c1cccnc1)C(=O)NC	CC(=O)N(C)C(c1cccnc1)C(=O)NC
gen2-torsion	24	CCN(C)C(=O)C	CCN(C)C(=O)C
gen2-torsion	11	c1ccc(cc1)C2=NOC3(C2=O)CCCCC3	c1ccc(cc1)C2=NOC3(C2=O)CCCCC3
gen2-torsion	48	CNS(=O)(=O)C1=C(C=CS1)/C=N/O	CNS(=O)(=O)C1=C(C=CS1)C=NO
gen2-torsion	24	CC(C)C(=O)c1ccccc1	CC(C)C(=O)c1ccccc1
gen2-torsion	24	C1CC1NC(=O)C[N@@]2C[C@H](CO2)O	C1CC1NC(=O)CN2CC(CO2)O
gen2-torsion	24	c1ccc(cc1)C(=C2SCCS2)C3=C/C(=N\c4ccccc4)/SS3	c1ccc(cc1)C(=C2SCCS2)C3=CC(=Nc4ccccc4)SS3
gen2-torsion	13	C/C=C\c1ccccc1C	CC=Cc1ccccc1C
gen2-torsion	9	CN(C)/C=C\C(=O)c1cnccn1	CN(C)C=CC(=O)c1cnccn1
gen2-torsion	11	COc1ccc2c(c1)CCC3=C2Nc4c3cc(cc4)OC	COc1ccc2c(c1)CCC3=C2Nc4c3cc(cc4)OC
gen2-torsion	48	c1ccc2c(c1)N=C(S2)CN3C(=O)c4cc(c(cc4C3=O)Cl)Cl	c1ccc2c(c1)N=C(S2)CN3C(=O)c4cc(c(cc4C3=O)Cl)Cl
gen2-torsion	24	CN1C=CC=C1C(=S)N=P(N(C)C)(N(C)C)N(C)C	CN1C=CC=C1C(=S)N=P(N(C)C)(N(C)C)N(C)C
gen2-torsion	24	CCSc1cccc(c1)F	CCSc1cccc(c1)F
gen2-torsion	24	CCN1C(=O)C2=C(N(C1=O)CCS(=O)(=O)C)SC(=C2C)CN3CCNC3=O	CCN1C(=O)C2=C(N(C1=O)CCS(=O)(=O)C)SC(=C2C)CN3CCNC3=O
gen2-torsion	48	c1ccc2c(c1)CCCN2C(=O)C3(CC3)c4cccc(c4)Cl	c1ccc2c(c1)CCCN2C(=O)C3(CC3)c4cccc(c4)Cl
gen2-torsion	48	CC1=C(C=C(S1)Br)C2CC2	CC1=C(C=C(S1)Br)C2CC2
gen2-torsion	24	CC1=CC=C(S1)/C=N/Nc2c3c(ncn2)SC(=C3C)C	CC1=CC=C(S1)C=NNc2c3c(ncn2)SC(=C3C)C
gen2-torsion	24	CC(C)(C)OC(=O)[C@@]1(COC[C@H]1F)N(C(=O)OC(C)(C)C)S(=O)(=O)O	CC(C)(C)OC(=O)C1(COCC1F)N(C(=O)OC(C)(C)C)S(=O)(=O)O
gen2-torsion	24	COC(=O)c1cccc2c1OC(O2)(F)F	COC(=O)c1cccc2c1OC(O2)(F)F
gen2-torsion	48	c1cc(ccc1/N=N\C(C#N)C#N)I	c1cc(ccc1N=NC(C#N)C#N)I
gen2-torsion	48	CNC(=S)NN=C	CNC(=S)NN=C
gen2-torsion	24	C[C@@H](c1ccccc1)Oc2ccccc2	CC(c1ccccc1)Oc2ccccc2
gen2-torsion	15	C1CC(=O)N(C1=O)Br	C1CC(=O)N(C1=O)Br
gen2-torsion	12	CCOC(=O)N1CCC(=C2c3ccc(cc3CCc4c2nccc4)Cl)CC1	CCOC(=O)N1CCC(=C2c3ccc(cc3CCc4c2nccc4)Cl)CC1
gen2-torsion	9	c1ccc2c(c1)C(=CN2Cc3cccc(c3)Cl)CO	c1ccc2c(c1)C(=CN2Cc3cccc(c3)Cl)CO
gen2-torsion	24	CC1=C/C(=N\OC(=O)c2ccccc2F)/CC(C1)(C)C	CC1=CC(=NOC(=O)c2ccccc2F)CC(C1)(C)C
gen2-torsion	24	CC[O+]=C(N)N	CC[O+]=C(N)N
gen2-torsion	9	CCC1=C(Sc2c1cc(cc2)O)c3ccc(cc3)O	CCC1=C(Sc2c1cc(cc2)O)c3ccc(cc3)O
gen2-torsion	24	C1CC2(C[N@](C1)CC3=NC(=NO3)C4CC4)OCCO2	C1CC2(CN(C1)CC3=NC(=NO3)C4CC4)OCCO2
gen2-torsion	48	c1cc(c(c(c1)C(=O)O)F)C#N	c1cc(c(c(c1)C(=O)O)F)C#N
gen2-torsion	13	CCN(CC)c1c2ccccc2nc(n1)N3CCC(CC3)CN	CCN(CC)c1c2ccccc2nc(n1)N3CCC(CC3)CN
gen2-torsion	24	CCN(CC)/N=N\c1cccc(c1)NC(=O)C	CCN(CC)N=Nc1cccc(c1)NC(=O)C
gen2-torsion	48	c1ccc(cc1)S(=O)(=O)N(F)S(=O)(=O)c2ccccc2	c1ccc(cc1)S(=O)(=O)N(F)S(=O)(=O)c2ccccc2
gen2-torsion	24	CCS(=O)(=O)c1ccccc1	CCS(=O)(=O)c1ccccc1
gen2-torsion	24	CCC1(C(C(=O)c2ccccc2O1)(CCS(=O)(=O)C)CCS(=O)(=O)C)CC	CCC1(C(C(=O)c2ccccc2O1)(CCS(=O)(=O)C)CCS(=O)(=O)C)CC
gen2-torsion	24	CC(C)(C)NS(=O)(=O)C1=CN(N=C1)C	CC(C)(C)NS(=O)(=O)C1=CN(N=C1)C
gen2-torsion	24	CC[N@]1CCCCS1(=O)=O	CCN1CCCCS1(=O)=O
gen2-torsion	24	C[C@H](CO)O	CC(CO)O
gen2-torsion	48	CNC(=O)[C@H](CCSC)N	CNC(=O)C(CCSC)N
gen2-torsion	24	CC(=O)Oc1ccccc1	CC(=O)Oc1ccccc1
gen2-torsion	24	C1CCC(C1)C[N@]2CC[C@]23CCCNC3	C1CCC(C1)CN2CCC23CCCNC3
gen2-torsion	24	CN1CCN(CC1)C2(CC2)C(=O)O	CN1CCN(CC1)C2(CC2)C(=O)O
gen2-torsion	14	c1cnc(nc1)C2=NC=CO2	c1cnc(nc1)C2=NC=CO2
gen2-torsion	48	CC1=C(SC2=C1C(=O)N(C(=O)N2CCC(F)(F)F)CC(C)(C)F)CN3CCNC3=O	CC1=C(SC2=C1C(=O)N(C(=O)N2CCC(F)(F)F)CC(C)(C)F)CN3CCNC3=O
gen2-torsion	24	c1cc2c(cc1C(=O)CCCl)NC(=O)N2	c1cc2c(cc1C(=O)CCCl)NC(=O)N2
gen2-torsion	48	C[C@H]1CN(C[C@@]1(C(C)C)O)C(=O)C(C)(C)N	CC1CN(CC1(C(C)C)O)C(=O)C(C)(C)N
gen2-torsion	11	CC[C@H]1C[C@]1(c2ccc(nn2)OC)N	CCC1CC1(c2ccc(nn2)OC)N
gen2-torsion	48	CC[C@@H]1C[C@]1(c2ccc(nn2)OC)N	CCC1CC1(c2ccc(nn2)OC)N
gen2-torsion	13	CC[C@@H]1C[C@@]1(c2ccc(nn2)OC)N	CCC1CC1(c2ccc(nn2)OC)N
gen2-torsion	15	CN1CCN(CC1)c2c3c(ncn2)N(C=C3)C	CN1CCN(CC1)c2c3c(ncn2)N(C=C3)C
gen2-torsion	24	CC(=O)C1=CC=CS1	CC(=O)C1=CC=CS1
gen2-torsion	24	C1CNCC=C1OS(=O)(=O)C(F)(F)F	C1CNCC=C1OS(=O)(=O)C(F)(F)F
gen2-torsion	26	CN1C=N/C(=C\C2=CC=CO2)/C1=O	CN1C=NC(=CC2=CC=CO2)C1=O
gen2-torsion	24	CC(=O)OO	CC(=O)OO
gen2-torsion	24	c1ccnc(c1)/C=N\N=C\2/C=CNC(=O)N2	c1ccnc(c1)C=NN=C2C=CNC(=O)N2
gen2-torsion	48	Cc1cccc(c1OCC(=O)NC)C	Cc1cccc(c1OCC(=O)NC)C
gen2-torsion	14	C[C@H](C1=C(C=[S@@](=O)(N=C1)C)O)O	CC(C1=C(C=S(=O)(N=C1)C)O)O
gen2-torsion	48	CC1([C@H]2[C@H]1CCC2)O	CC1(C2C1CCC2)O
gen2-torsion	7	CC(C)C1=NC=CS1	CC(C)C1=NC=CS1
gen2-torsion	24	CC(=C)C1(CC1)CON	CC(=C)C1(CC1)CON
gen2-torsion	24	COC(=O)CC1=CS/C(=N\S(=O)(=O)C)/N1	COC(=O)CC1=CSC(=NS(=O)(=O)C)N1
gen2-torsion	24	c1ccc(cc1)CN2C=C(c3c2cccc3)CCN	c1ccc(cc1)CN2C=C(c3c2cccc3)CCN
gen2-torsion	24	C[C@H](c1ccccc1)NC2=NCCO2	CC(c1ccccc1)NC2=NCCO2
gen2-torsion	24	CS(=O)(=O)Nc1ccccc1	CS(=O)(=O)Nc1ccccc1
gen2-torsion	14	C1=C(SN=N1)CNN	C1=C(SN=N1)CNN
gen2-torsion	24	CO/N=C\C(=C\c1ccc(cc1)Cl)\C#N	CON=CC(=Cc1ccc(cc1)Cl)C#N
gen2-torsion	24	C[C@H]([C@H](c1ccccc1)Oc2ccc3c(c2)C=NN3C(C)C)NS(=O)(=O)C4CC4	CC(C)N1c2ccc(cc2C=N1)OC(c3ccccc3)C(C)NS(=O)(=O)C4CC4
gen2-torsion	13	CC1=C(SC2=C1C(=O)N(C(=O)N2CCOC)CC=C(C)C)CO	CC1=C(SC2=C1C(=O)N(C(=O)N2CCOC)CC=C(C)C)CO
gen2-torsion	24	CC(C)[C@@H](C(=O)NC)N	CC(C)C(C(=O)NC)N
gen2-torsion	9	CS(=O)(=O)c1ccc2c(c1)NC(=C2)C(=O)O	CS(=O)(=O)c1ccc2c(c1)NC(=C2)C(=O)O
gen2-torsion	48	C1CN(CC[NH2+]1)CC2=CC=CNC2=O	C1CN(CC[NH2+]1)CC2=CC=CNC2=O
gen2-torsion	48	CN(C)C[C@H](COC)O	CN(C)CC(COC)O
gen2-torsion	11	COc1cccc2c1nc(c(c2)Br)Cl	COc1cccc2c1nc(c(c2)Br)Cl
gen2-torsion	48	CC1=C(N(N=C1)C)N2CCN(CC2)C	CC1=C(N(N=C1)C)N2CCN(CC2)C
gen2-torsion	24	COCN1C=NC(=C1c2ccc(cc2)OC)c3ccc(cc3)OC	COCN1C=NC(=C1c2ccc(cc2)OC)c3ccc(cc3)OC
gen2-torsion	24	CC1=CC=C(O1)/C(=N/O)/N	CC1=CC=C(O1)C(=NO)N
gen2-torsion	48	C[C@@H]1C[N@](S(=O)(=O)C1)NC	CC1CN(S(=O)(=O)C1)NC
gen2-torsion	24	c1cc(c(c(c1)Cl)OCCNC2CC2)Cl	c1cc(c(c(c1)Cl)OCCNC2CC2)Cl
gen2-torsion	24	CNC(=O)c1c(cccc1OC)O	CNC(=O)c1c(cccc1OC)O
gen2-torsion	24	CC(C)c1cc(ncn1)C=S(=O)(C)C	CC(C)c1cc(ncn1)C=S(=O)(C)C
gen2-torsion	48	C[S@@](=N)(=O)NC1CC1	CS(=N)(=O)NC1CC1
gen2-torsion	48	CCS(=O)(=O)N(C)C	CCS(=O)(=O)N(C)C
gen2-torsion	24	CC1=NNC(=C1CC(=O)O)C2=CC=CS2	CC1=NNC(=C1CC(=O)O)C2=CC=CS2
gen2-torsion	48	c1nc(c(c(n1)O)Br)C2CC2	c1nc(c(c(n1)O)Br)C2CC2
gen2-torsion	10	COc1cc2c(cc1Nc3c4c(ncn3)SC5=C4CC[N@@](C5)CCCN6CCNC6=O)C=NN2	COc1cc2c(cc1Nc3c4c(ncn3)SC5=C4CCN(C5)CCCN6CCNC6=O)C=NN2
gen2-torsion	24	CC[C@H](C)[C@@H]1[C@H](OC1=O)C(=O)NCc2ccc(cc2)C(C)(C)C	CCC(C)C1C(OC1=O)C(=O)NCc2ccc(cc2)C(C)(C)C
gen2-torsion	10	c1cc[n+](cc1)CC(=O)c2ccc3c(c2)CC(=O)N3	c1cc[n+](cc1)CC(=O)c2ccc3c(c2)CC(=O)N3
gen2-torsion	11	CC(C)[N@](C)c1ccncn1	CC(C)N(C)c1ccncn1
gen2-torsion	24	CN1CCC[C@@]2(C1=O)CCN(C2)C(=O)CSC	CN1CCCC2(C1=O)CCN(C2)C(=O)CSC
gen2-torsion	24	C[N@@]1CCN(Cc2c1nccc2)C(=O)NC3CC3	CN1CCN(Cc2c1nccc2)C(=O)NC3CC3
gen2-torsion	24	C/C(=C\[C@H]1c2cccc3c2C(=CN3)C[C@H]1NC)/CO	CC(=CC1c2cccc3c2C(=CN3)CC1NC)CO
gen2-torsion	48	C[C@@]1(CC(=O)N1)C2=NC=CS2	CC1(CC(=O)N1)C2=NC=CS2
gen2-torsion	48	CN(C)/C=C\C(=O)c1cnccn1	CN(C)C=CC(=O)c1cnccn1
gen2-torsion	24	CCCCCc1c(c(c(nc1C(C)C)C(C)C)CO)c2ccc(c(c2)[C@@H](C)O)F	CCCCCc1c(c(c(nc1C(C)C)C(C)C)CO)c2ccc(c(c2)C(C)O)F
gen2-torsion	24	CN1C(=O)C=CC=C1[C@H]2CCCO2	CN1C(=O)C=CC=C1C2CCCO2
gen2-torsion	24	CN1c2cc(ccc2N=N1)CN3C=CN=C3	CN1c2cc(ccc2N=N1)CN3C=CN=C3
gen2-torsion	24	CC1=C(SC2=C1C(=O)N(C(=O)N2CCOC)CCCF)CO	CC1=C(SC2=C1C(=O)N(C(=O)N2CCOC)CCCF)CO
gen2-torsion	24	C[C@]12CCCC[C@@H]1[C@@H]3CCc4cc(c(cc4[C@H]3CC2)OC)OS(=O)(=O)N	CC12CCCCC1C3CCc4cc(c(cc4C3CC2)OC)OS(=O)(=O)N
gen2-torsion	24	c1cc2c(cc1F)OCC(=C2)CO	c1cc2c(cc1F)OCC(=C2)CO
gen2-torsion	11	Cc1cncnc1Oc2ccccc2F	Cc1cncnc1Oc2ccccc2F
gen2-torsion	24	C1CC1N2CCN(CC2)C3(CC3)C(=O)O	C1CC1N2CCN(CC2)C3(CC3)C(=O)O
gen2-torsion	24	c1cc(ccc1C[C@@H](C(=O)O)N)OCCF	c1cc(ccc1CC(C(=O)O)N)OCCF
gen2-torsion	24	c1cc(ccc1C[C@@H](C(=O)O)N)OCCF	c1cc(ccc1CC(C(=O)O)N)OCCF
gen2-torsion	24	Cc1cc(cc(c1Cc2ccc(c(c2)Cc3ccc(cc3)F)O)C)NC(=O)C(=O)O	Cc1cc(cc(c1Cc2ccc(c(c2)Cc3ccc(cc3)F)O)C)NC(=O)C(=O)O
gen2-torsion	24	c1c(c(c(c(c1F)F)F)F)C(=O)C2CC2	c1c(c(c(c(c1F)F)F)F)C(=O)C2CC2
gen2-torsion	24	Cc1ccc(cc1)S(=O)(=O)Nc2ccc3c(c2)C4(CCC4)CC(=O)N3CC5CC5	Cc1ccc(cc1)S(=O)(=O)Nc2ccc3c(c2)C4(CCC4)CC(=O)N3CC5CC5
gen2-torsion	24	C(CNC1C(C(C(C(C1O)NCCC#N)O)NCCC#N)O)C#N	C(CNC1C(C(C(C(C1O)NCCC#N)O)NCCC#N)O)C#N
gen2-torsion	48	C[N+](C)(C)/C=C\CO	C[N+](C)(C)C=CCO
gen2-torsion	24	Cc1cc(cc2c1NC(=C2)CNC)Br	Cc1cc(cc2c1NC(=C2)CNC)Br
gen2-torsion	24	CC(C)C1=NC=CN1	CC(C)C1=NC=CN1
gen2-torsion	24	CC(=O)N[C@H](CO)[C@H](c1ccccc1)O	CC(=O)NC(CO)C(c1ccccc1)O
gen2-torsion	7	CC1=C(N=C(O1)c2cccc(c2)C3=C(ON=C3C)C)CCOc4ccc5c(c4)CC[C@@H]5CC(=O)O	CC1=C(N=C(O1)c2cccc(c2)C3=C(ON=C3C)C)CCOc4ccc5c(c4)CCC5CC(=O)O
gen2-torsion	7	Cc1ccccc1C2=NN=N[N-]2	Cc1ccccc1C2=NN=N[N-]2
gen2-torsion	24	CC(=O)NC1(CC1)C2=NC=CN2	CC(=O)NC1(CC1)C2=NC=CN2
gen2-torsion	24	C[S@](=N)(=O)NC1CC1	CS(=N)(=O)NC1CC1
gen2-torsion	24	c1cc(ccc1c2ccc(cc2)OSOc3ccc(cc3)Cl)OSOc4ccc(cc4)Cl	c1cc(ccc1c2ccc(cc2)OSOc3ccc(cc3)Cl)OSOc4ccc(cc4)Cl
gen2-torsion	7	c1cc(c(c(c1C(=O)C2C(=O)CCCC2=O)Cl)OCCN3C=NN=N3)Cl	c1cc(c(c(c1C(=O)C2C(=O)CCCC2=O)Cl)OCCN3C=NN=N3)Cl
gen2-torsion	24	CCN(C)C(=O)C	CCN(C)C(=O)C
gen2-torsion	7	C1C2CC3CC1CC(C2)C3=NOC(=O)C4=CC=CO4	C1C2CC3CC1CC(C2)C3=NOC(=O)C4=CC=CO4
gen2-torsion	22	Cc1ccnnc1[N@]2CCC[C@H]2C	Cc1ccnnc1N2CCCC2C
gen2-torsion	48	C[C@H](c1ccccc1)S(=O)(=O)C	CC(c1ccccc1)S(=O)(=O)C
gen2-torsion	24	C=CCSSCC=C	C=CCSSCC=C
gen2-torsion	15	c1ccc(cc1)/C=C\S(=O)(=O)c2ccc(c(c2)Cl)Cl	c1ccc(cc1)C=CS(=O)(=O)c2ccc(c(c2)Cl)Cl
gen2-torsion	17	CC1=CC(=O)N2C(=C(C(=O)N2)/N=N/c3cccc(c3)Cl)N1	CC1=CC(=O)N2C(=C(C(=O)N2)N=Nc3cccc(c3)Cl)N1
gen2-torsion	24	c1cc(cc(c1)Cl)C2(CC2)C(=O)Nc3ccc(c(c3)C4=NNN=N4)c5cc6c(nc5)C=CO6	c1cc(cc(c1)Cl)C2(CC2)C(=O)Nc3ccc(c(c3)C4=NNN=N4)c5cc6c(nc5)C=CO6
gen2-torsion	24	Cc1cccc(c1C(=O)OC)O	Cc1cccc(c1C(=O)OC)O
gen2-torsion	24	c1ccc(cc1)CCF	c1ccc(cc1)CCF
gen2-torsion	24	CCNC(=O)[C@H]1CCC[N@@]1C	CCNC(=O)C1CCCN1C
gen2-torsion	24	CC[C@@]12CC[C@H]([C@@]1([C@@H]2C)C(=O)O)Oc3nc(cc(n3)OC)OC	CCC12CCC(C1(C2C)C(=O)O)Oc3nc(cc(n3)OC)OC
gen2-torsion	24	Cc1ccc(cc1)S(=O)(=O)/N=C\2/NC(=O)CS2	Cc1ccc(cc1)S(=O)(=O)N=C2NC(=O)CS2
gen2-torsion	48	CC[C@@H]1C[C@@]1(c2ccc(nn2)OC)N	CCC1CC1(c2ccc(nn2)OC)N
gen2-torsion	48	C1=CNC(=NC1=O)/C=C\C2=CC(=CS2)C#N	C1=CNC(=NC1=O)C=CC2=CC(=CS2)C#N
gen2-torsion	24	CO/C=[O+]\C	COC=[O+]C
gen2-torsion	24	Cc1ccc(cc1)CC(C)(C)C(CN2C=NC=N2)(CN3C=NC=N3)O	Cc1ccc(cc1)CC(C)(C)C(CN2C=NC=N2)(CN3C=NC=N3)O
gen2-torsion	14	C1CC(=C(C1)N2C=CN=C2)N3C=CN=C3	C1CC(=C(C1)N2C=CN=C2)N3C=CN=C3
gen2-torsion	24	C=CCc1ccc(cc1C(F)(F)F)F	C=CCc1ccc(cc1C(F)(F)F)F
gen2-torsion	24	COc1cc(ncc1[N+](=O)[O-])OC	COc1cc(ncc1[N+](=O)[O-])OC
gen2-torsion	48	CC(=O)N[P@](=O)(OC)SC	CC(=O)NP(=O)(OC)SC
gen2-torsion	24	CC1=C(C=C(S1)CNC(C)C)Br	CC1=C(C=C(S1)CNC(C)C)Br
gen2-torsion	17	c1ccc2c(c1)[C@@H](CCO2)Nc3ccccn3	c1ccc2c(c1)C(CCO2)Nc3ccccn3
gen2-torsion	24	C(C(=S)N)N	C(C(=S)N)N
gen2-torsion	24	c1cc2c(cc1Cl)c(ccn2)NCCO	c1cc2c(cc1Cl)c(ccn2)NCCO
gen2-torsion	12	CC1([C@@H]([C@H]1C(=O)O)c2ccc(cc2)OC)C	CC1(C(C1C(=O)O)c2ccc(cc2)OC)C
gen2-torsion	11	c1ccc2c(c1)N=C(S2)N/N=C/C3=CC=C(O3)Br	c1ccc2c(c1)N=C(S2)NN=CC3=CC=C(O3)Br
gen2-torsion	24	CCCN(CCC)CCc1ccc(c(c1)O)NS(=O)(=O)C(F)(F)F	CCCN(CCC)CCc1ccc(c(c1)O)NS(=O)(=O)C(F)(F)F
gen2-torsion	24	c1c(cnc(n1)C2(CC2)C(=O)N)Br	c1c(cnc(n1)C2(CC2)C(=O)N)Br
gen2-torsion	11	C1C2CC3CC1CC(C2)C3=NOC(=O)C4=CC=CO4	C1C2CC3CC1CC(C2)C3=NOC(=O)C4=CC=CO4
gen2-torsion	13	C/C(=C\[C@H]1c2cccc3c2C(=CN3)C[C@H]1NC)/CO	CC(=CC1c2cccc3c2C(=CN3)CC1NC)CO
gen2-torsion	13	CO/N=C/C(=C\c1ccc(cc1)F)/C#N	CON=CC(=Cc1ccc(cc1)F)C#N
gen2-torsion	48	c1ccc(cc1)/N=N/c2ccccn2	c1ccc(cc1)N=Nc2ccccn2
gen2-torsion	24	C[N+](C)(C)C=C	C[N+](C)(C)C=C
gen2-torsion	24	c1ccc(cc1)[C@@](CN2C=NC=N2)(C3(CC3)N4C=NC(=N4)Cl)O	c1ccc(cc1)C(CN2C=NC=N2)(C3(CC3)N4C=NC(=N4)Cl)O
gen2-torsion	24	CC(C)c1c(c(ncn1)O)Br	CC(C)c1c(c(ncn1)O)Br
gen2-torsion	24	CCC1(C(C(=O)c2ccccc2O1)(CCS(=O)(=O)C)CCS(=O)(=O)C)CC	CCC1(C(C(=O)c2ccccc2O1)(CCS(=O)(=O)C)CCS(=O)(=O)C)CC
gen2-torsion	24	c1ccc(cc1)C2(CC2)C(=O)CN3C=NC=C3C#N	c1ccc(cc1)C2(CC2)C(=O)CN3C=NC=C3C#N
gen2-torsion	48	[C@](C(F)(F)Br)(F)(Cl)Br	C(C(F)(Cl)Br)(F)(F)Br
gen2-torsion	48	c1ccc(cc1)N\2C(=O)CS/C2=N\S(=O)(=O)c3ccccc3	c1ccc(cc1)N2C(=O)CSC2=NS(=O)(=O)c3ccccc3
gen2-torsion	48	CN(C)[C@H](c1ccccc1)c2ccccn2	CN(C)C(c1ccccc1)c2ccccn2
gen2-torsion	24	CN(C)C[C@@H](c1ccccc1)N(C)C	CN(C)CC(c1ccccc1)N(C)C
gen2-torsion	24	c1ccc2c(c1)C(=CN2CCC(=O)O)CCNS(=O)(=O)c3ccc(cc3)F	c1ccc2c(c1)C(=CN2CCC(=O)O)CCNS(=O)(=O)c3ccc(cc3)F
gen2-torsion	24	CN1C=CC=C1C(=S)N=P(N(C)C)(N(C)C)N(C)C	CN1C=CC=C1C(=S)N=P(N(C)C)(N(C)C)N(C)C
gen2-torsion	24	CCN1C(=O)C2=C(N(C1=O)CCS(=O)(=O)C)SC(=C2C)CNCCN	CCN1C(=O)C2=C(N(C1=O)CCS(=O)(=O)C)SC(=C2C)CNCCN
gen2-torsion	24	c1cc(ccc1CO)c2ccc3c(c2)C=C(O3)C(=O)N[C@@H]4CN5CCC4CC5	c1cc(ccc1CO)c2ccc3c(c2)C=C(O3)C(=O)NC4CN5CCC4CC5
gen2-torsion	48	c1ccc2c(c1)CCC[N@@]2S(=O)(=O)c3ccc(c(c3)C(F)(F)F)Cl	c1ccc2c(c1)CCCN2S(=O)(=O)c3ccc(c(c3)C(F)(F)F)Cl
gen2-torsion	24	Cc1nc2cc(c(cc2c(n1)N[C@H](C)c3ccc(cc3)C4CC4)OC)OC	Cc1nc2cc(c(cc2c(n1)NC(C)c3ccc(cc3)C4CC4)OC)OC
gen2-torsion	9	c1cc(ccc1C(=O)[C@H]2CC[C@@H]([C@H]2C(=O)O)CN3C(=O)c4cc(ccc4N=N3)C(F)(F)F)OCC5CCCC5	c1cc(ccc1C(=O)C2CCC(C2C(=O)O)CN3C(=O)c4cc(ccc4N=N3)C(F)(F)F)OCC5CCCC5
gen2-torsion	24	COCCCc1ccc(cc1C(=O)O)c2cc(c(c(c2)OC)OC)OC	COCCCc1ccc(cc1C(=O)O)c2cc(c(c(c2)OC)OC)OC
gen2-torsion	48	CC(C)C1=NC=CS1	CC(C)C1=NC=CS1
gen2-torsion	24	CNC(=S)NN=C	CNC(=S)NN=C
gen2-torsion	24	c1ccc2c(c1)C(=CN2Cc3cccc(c3)Cl)CO	c1ccc2c(c1)C(=CN2Cc3cccc(c3)Cl)CO
gen2-torsion	24	C[C@@H]1C[N@@](S(=O)(=O)C1)NC	CC1CN(S(=O)(=O)C1)NC
gen2-torsion	7	CCC1=NOC(=N1)C2=C3CN(C(=O)c4cc(ccc4N3C=N2)Cl)C	CCC1=NOC(=N1)C2=C3CN(C(=O)c4cc(ccc4N3C=N2)Cl)C
gen2-torsion	11	c1ccc(cc1)c2ccccc2C3=NC=CN3	c1ccc(cc1)c2ccccc2C3=NC=CN3
gen2-torsion	24	CCOC(=O)C1(CC1)[C@](CN2C=NC=N2)(COc3ccc(cc3)F)O	CCOC(=O)C1(CC1)C(CN2C=NC=N2)(COc3ccc(cc3)F)O
gen2-torsion	7	c1ccc(cc1)C2=NN=N[N-]2	c1ccc(cc1)C2=NN=N[N-]2
gen2-torsion	24	CC[C@@H](CCl)Cl	CCC(CCl)Cl
gen2-torsion	24	CNCCOc1ccc(cc1)C2=C(CCCc3c2ccc(c3)O)c4ccccc4	CNCCOc1ccc(cc1)C2=C(CCCc3c2ccc(c3)O)c4ccccc4
gen2-torsion	24	CC(C)Oc1cc2c(cc1Nc3c4c(ncn3)NC5=C4C[C@H](CC5)C(=O)NCCCS(=O)(=O)C)C=NN2	CC(C)Oc1cc2c(cc1Nc3c4c(ncn3)NC5=C4CC(CC5)C(=O)NCCCS(=O)(=O)C)C=NN2
gen2-torsion	24	CC(C)CN1C(=CC(=N1)C[S@@](=O)C)OC(=O)N(C)C	CC(C)CN1C(=CC(=N1)CS(=O)C)OC(=O)N(C)C
gen2-torsion	24	CCS(=O)(=O)N(C)C	CCS(=O)(=O)N(C)C
gen2-torsion	24	C[C@H](C1=NC(=O)NN1)NC#N	CC(C1=NC(=O)NN1)NC#N
gen2-torsion	7	CNC(=O)C1=C(N=CN1)C(=O)NC	CNC(=O)C1=C(N=CN1)C(=O)NC
gen2-torsion	24	CC(C)(C)C1=NC(=C(O1)Sc2ccc(cc2)F)C#N	CC(C)(C)C1=NC(=C(O1)Sc2ccc(cc2)F)C#N
gen2-torsion	24	C=CCSc1ccc(c(c1)F)Cl	C=CCSc1ccc(c(c1)F)Cl
gen2-torsion	15	CN1CNC(=O)/C(=C/c2ccccc2)/C1=O	CN1CNC(=O)C(=Cc2ccccc2)C1=O
gen2-torsion	48	c1ccc(cc1)OCC2=NCC=CN2	c1ccc(cc1)OCC2=NCC=CN2
gen2-torsion	22	c1cnccc1/C=N/Nc2nc(cnn2)O	c1cnccc1C=NNc2nc(cnn2)O
gen2-torsion	24	CC(C)c1cccc(c1OC)C(C)(C)O	CC(C)c1cccc(c1OC)C(C)(C)O
gen2-torsion	24	C[C@H]1Cc2cc(c(cc2C(=NN1C(=O)NC)c3ccc(cc3)NS(=O)(=O)C4CCOCC4)OC)OC	CC1Cc2cc(c(cc2C(=NN1C(=O)NC)c3ccc(cc3)NS(=O)(=O)C4CCOCC4)OC)OC
gen2-torsion	24	CC(C)(C)OC(=O)N[C@@H](CC1CCCCC1)C(=O)N[C@H](CC2CCCCC2)C(=O)O	CC(C)(C)OC(=O)NC(CC1CCCCC1)C(=O)NC(CC2CCCCC2)C(=O)O
gen2-torsion	24	CC[C@H]1C[C@]1(c2ccc(nn2)OC)N	CCC1CC1(c2ccc(nn2)OC)N
gen2-torsion	24	c1cc(cc(c1)S(=O)(=O)[N@]2CCCc3c2c(ccc3)F)S(=O)(=O)N	c1cc(cc(c1)S(=O)(=O)N2CCCc3c2c(ccc3)F)S(=O)(=O)N
gen2-torsion	48	CC[C@H](CCl)Cl	CCC(CCl)Cl
gen2-torsion	24	C(=C(/C(Cl)(Cl)Cl)\Cl)\Cl	C(=C(C(Cl)(Cl)Cl)Cl)Cl
gen2-torsion	48	CC(C)(C)N1CC(C1)N	CC(C)(C)N1CC(C1)N
gen2-torsion	24	COc1c(cc(cc1Cl)O)C(=O)C2CCCCC2	COc1c(cc(cc1Cl)O)C(=O)C2CCCCC2
gen2-torsion	48	CN1CC(=O)N=C1NP(=O)(Cl)Cl	CN1CC(=O)N=C1NP(=O)(Cl)Cl
gen2-torsion	24	CC(=O)ONC	CC(=O)ONC
gen2-torsion	14	c1ccnc(c1)C2=NN=N[N-]2	c1ccnc(c1)C2=NN=N[N-]2
gen2-torsion	24	C1=CNC(=C1)[C@@H](C(CO)(F)F)N	C1=CNC(=C1)C(C(CO)(F)F)N
gen2-torsion	7	CC(C)S(=O)(=O)C1=CC=CS1	CC(C)S(=O)(=O)C1=CC=CS1
gen2-torsion	24	CC(C)c1c(c(c(c(n1)C(C)C)C=C(C)C)c2ccccc2)CO	CC(C)c1c(c(c(c(n1)C(C)C)C=C(C)C)c2ccccc2)CO
gen2-torsion	24	COC(=O)[C@]1(CC(=NN1c2c(cccn2)Cl)CO)O	COC(=O)C1(CC(=NN1c2c(cccn2)Cl)CO)O
gen2-torsion	48	C1[C@@H](O1)CCCF	C1C(O1)CCCF
gen2-torsion	48	C[C@H](CN1CCN(CC1)C)NC(=O)C	CC(CN1CCN(CC1)C)NC(=O)C
gen2-torsion	48	c1ccc(cc1)C(=O)Nc2ccccn2	c1ccc(cc1)C(=O)Nc2ccccn2
gen2-torsion	48	C[S@@](=N)(=O)NC1CC1	CS(=N)(=O)NC1CC1
gen2-torsion	24	COC(=O)c1c(cccn1)C#N	COC(=O)c1c(cccn1)C#N
gen2-torsion	24	CC(=C)C1(CC1)CON	CC(=C)C1(CC1)CON
gen2-torsion	24	C1CC1NC(=O)C[N@]2C[C@@H](CO2)O	C1CC1NC(=O)CN2CC(CO2)O
gen2-torsion	48	CN(C)C[C@H](COC)O	CN(C)CC(COC)O
gen2-torsion	48	COc1ccccc1/C=N/N=C/2\N=C(CS2)O	COc1ccccc1C=NN=C2N=C(CS2)O
gen2-torsion	30	c1ccc2c(c1)-c3ccc(cc3N2)OC/C(=C/4\CN5CCC4CC5)/F	c1ccc2c(c1)-c3ccc(cc3N2)OCC(=C4CN5CCC4CC5)F
gen2-torsion	24	Cc1cc(c(c(c1C)/N=N\C2=[N+](c3ccccc3N2C)C)C)C	Cc1cc(c(c(c1C)N=NC2=[N+](c3ccccc3N2C)C)C)C
gen2-torsion	24	C[C@@]12CC[C@@H]3c4cc(c(cc4CC[C@H]3[C@H]1CCCC2=O)OS(=O)(=O)N)OC	CC12CCC3c4cc(c(cc4CCC3C1CCCC2=O)OS(=O)(=O)N)OC
gen2-torsion	48	COC(O)OC	COC(O)OC
gen2-torsion	24	Cc1cc(cc(c1CC(=O)O)C)C2CC2	Cc1cc(cc(c1CC(=O)O)C)C2CC2
gen2-torsion	9	COC(=O)CC1=CS/C(=N/S(=O)(=O)C)/N1	COC(=O)CC1=CSC(=NS(=O)(=O)C)N1
gen2-torsion	48	CC1=CC=NN1c2c(cccn2)OC	CC1=CC=NN1c2c(cccn2)OC
gen2-torsion	24	C[C@@H]1Cc2ccccc2[N@@]1S(=O)(=O)C3=CN(C(=N3)C#N)S(=O)(=O)N(C)C	CC1Cc2ccccc2N1S(=O)(=O)C3=CN(C(=N3)C#N)S(=O)(=O)N(C)C
gen2-torsion	48	C1=N[C@@H](C(=N1)C(=O)N)[N+]#N	C1=NC(C(=N1)C(=O)N)[N+]#N
gen2-torsion	24	COc1ccnc(c1OC)CNC2CC2	COc1ccnc(c1OC)CNC2CC2
gen2-torsion	48	c1ccc(cc1)Oc2ccccc2O	c1ccc(cc1)Oc2ccccc2O
gen2-torsion	48	CCC1(COC1)C	CCC1(COC1)C
gen2-torsion	24	c1c(ncc(n1)Cl)C(=O)NC2CCN(CC2)CC(F)(F)F	c1c(ncc(n1)Cl)C(=O)NC2CCN(CC2)CC(F)(F)F
gen2-torsion	24	CCS(=O)(=O)[N@@]1C[C@@H](C[C@@H]2[C@H]1CCO2)C3=NC(=NO3)C	CCS(=O)(=O)N1CC(CC2C1CCO2)C3=NC(=NO3)C
gen2-torsion	7	C(=N\O)\C1=C(N=C(S1)Cl)Cl	C(=NO)C1=C(N=C(S1)Cl)Cl
gen2-torsion	24	CC1=C(OC(=C1C#N)/N=C/C2=CC=C(O2)c3ccccc3C#N)C	CC1=C(OC(=C1C#N)N=CC2=CC=C(O2)c3ccccc3C#N)C
gen2-torsion	24	COc1cc2c(cc1OC)nc(nc2Nc3ccc4c(c3)C=NN4)NC5CC5	COc1cc2c(cc1OC)nc(nc2Nc3ccc4c(c3)C=NN4)NC5CC5
gen2-torsion	48	CCC[NH+]1CCCC1	CCC[NH+]1CCCC1
gen2-torsion	22	c1cnc(cc1Cl)[S@@](=O)O	c1cnc(cc1Cl)S(=O)O
gen2-torsion	30	COC1=CC=CC(=O)N1	COC1=CC=CC(=O)N1
gen2-torsion	48	CNC(=O)[C@H](CCSC)N	CNC(=O)C(CCSC)N
gen2-torsion	24	C[N@@]1CCOc2c1ccc(c2)N3C[C@H](OC3=O)CNC(=O)C4CC4	CN1CCOc2c1ccc(c2)N3CC(OC3=O)CNC(=O)C4CC4
gen2-torsion	24	C1[C@@H](O1)CCCF	C1C(O1)CCCF
gen2-torsion	24	C[C@@H](c1c(c(c(nc1C(C)C)C(C)C)CO)c2ccc(cc2)F)OC	CC(C)c1c(c(c(c(n1)C(C)C)C(C)OC)c2ccc(cc2)F)CO
gen2-torsion	24	CC1=NOC(=C1CC(=O)O)C2=CC=CS2	CC1=NOC(=C1CC(=O)O)C2=CC=CS2
gen2-torsion	24	c1cc(c(cc1OC(F)(F)F)CO)Br	c1cc(c(cc1OC(F)(F)F)CO)Br
gen2-torsion	24	CC1=NNC(=C1CC(=O)O)C2=CC=CS2	CC1=NNC(=C1CC(=O)O)C2=CC=CS2
gen2-torsion	24	CC1(C[C@]([C@@H](c2c1c(c(cc2)F)OC)O)(C(F)(F)F)O)C	CC1(CC(C(c2c1c(c(cc2)F)OC)O)(C(F)(F)F)O)C
gen2-torsion	48	C1=C(SN=N1)CNN	C1=C(SN=N1)CNN
gen2-torsion	12	C[C@]12CCCC[C@@H]1[C@@H]3CCc4cc(c(cc4[C@H]3CC2)OC)OS(=O)(=O)N	CC12CCCCC1C3CCc4cc(c(cc4C3CC2)OC)OS(=O)(=O)N
gen2-torsion	18	C[n+]1ccc(cc1)C(=O)N	C[n+]1ccc(cc1)C(=O)N
gen2-torsion	24	c1cc(ccc1Nc2ncc(c(n2)NCCC3=CNC=N3)C(F)(F)F)S(=O)(=O)N	c1cc(ccc1Nc2ncc(c(n2)NCCC3=CNC=N3)C(F)(F)F)S(=O)(=O)N
gen2-torsion	48	c1cc(ccc1OC2CC2)I	c1cc(ccc1OC2CC2)I
gen2-torsion	24	C[C@H]1[C@@H]2CCCCN2/C(=N/c3cc(c(cc3F)Cl)O)/O1	CC1C2CCCCN2C(=Nc3cc(c(cc3F)Cl)O)O1
gen2-torsion	48	C1CC1(C2=NOC=C2)C(=O)O	C1CC1(C2=NOC=C2)C(=O)O
gen2-torsion	24	c1c(ncc(n1)Br)C2(CC2)CN	c1c(ncc(n1)Br)C2(CC2)CN
gen2-torsion	24	Cc1cccc(c1NC)OC	Cc1cccc(c1NC)OC
gen2-torsion	48	CN(C)/N=C/c1ccccn1	CN(C)N=Cc1ccccn1
gen2-torsion	24	CN(C)CC(OC)OC	CN(C)CC(OC)OC
gen2-torsion	24	CC(CC(=O)OC)(F)F	CC(CC(=O)OC)(F)F
gen2-torsion	24	CC(C)C1=NN(C(=O)N1NC)C(=O)NC(C)(C)C	CC(C)C1=NN(C(=O)N1NC)C(=O)NC(C)(C)C
gen2-torsion	24	c1cc(ccc1[C@H]2CCC[C@H]2O)SC(F)(F)F	c1cc(ccc1C2CCCC2O)SC(F)(F)F
gen2-torsion	24	Cc1cccc(c1S(=O)(=O)NC(=O)N2C(=O)N(C(=N2)OC(C)C)C)OCCF	Cc1cccc(c1S(=O)(=O)NC(=O)N2C(=O)N(C(=N2)OC(C)C)C)OCCF
gen2-torsion	48	Cc1ccccc1c2ccccc2c3ccccc3	Cc1ccccc1c2ccccc2c3ccccc3
gen2-torsion	48	C1CC1NC(=O)C[N@]2C[C@H](CO2)O	C1CC1NC(=O)CN2CC(CO2)O
gen2-torsion	24	C[C@@H](C1CC1)C2=NN=C(N(C2=O)NC)N(C)C	CC(C1CC1)C2=NN=C(N(C2=O)NC)N(C)C
gen2-torsion	24	C[C@@H]1C[N@@](C[C@@]1(C)O)c2c(nccn2)N(C)C	CC1CN(CC1(C)O)c2c(nccn2)N(C)C
gen2-torsion	24	C[S@@](=O)c1ccccc1Cl	CS(=O)c1ccccc1Cl
gen2-torsion	48	c1cc2c(cc1Nc3ccc(cn3)C#N)OCCO2	c1cc2c(cc1Nc3ccc(cn3)C#N)OCCO2
gen2-torsion	24	c1ccc(c(c1)N2CCC3(C2=O)CCC(CC3)NC(=O)C4=C(N=CN4)C(=O)N5CC6(C5)COC6)Cl	c1ccc(c(c1)N2CCC3(C2=O)CCC(CC3)NC(=O)C4=C(N=CN4)C(=O)N5CC6(C5)COC6)Cl
gen2-torsion	15	CC1(C(=O)OOC1(C)C)C	CC1(C(=O)OOC1(C)C)C
gen2-torsion	24	C1=N[C@@H](C(=N1)C(=O)N)[N+]#N	C1=NC(C(=N1)C(=O)N)[N+]#N
gen2-torsion	11	c1cc(ccc1[N+](=O)[O-])S(=O)(=O)NCl	c1cc(ccc1[N+](=O)[O-])S(=O)(=O)NCl
gen2-torsion	11	Cc1cncnc1Oc2ccccc2F	Cc1cncnc1Oc2ccccc2F
gen2-torsion	7	c1cc2c(cc1N3C[C@H](OC3=O)CO)C=CS2	c1cc2c(cc1N3CC(OC3=O)CO)C=CS2
gen2-torsion	30	c1ccc(cc1)/C=C\c2ccccc2	c1ccc(cc1)C=Cc2ccccc2
gen2-torsion	48	Cc1cc2c(c(c1O)C)OC=C2CC(=O)O	Cc1cc2c(c(c1O)C)OC=C2CC(=O)O
gen2-torsion	48	c1cc(ncc1Br)C2(CC2)C#N	c1cc(ncc1Br)C2(CC2)C#N
gen2-torsion	24	CCNC(=O)c1ccc(c(c1)Br)F	CCNC(=O)c1ccc(c(c1)Br)F
gen2-torsion	48	CC1(C[C@]1(C(=O)N)C(=O)O)C	CC1(CC1(C(=O)N)C(=O)O)C
gen2-torsion	24	Cc1ccc(c(c1)S(=O)(=O)[N@@]2CCOc3c2cccc3C(=O)O)O	Cc1ccc(c(c1)S(=O)(=O)N2CCOc3c2cccc3C(=O)O)O
gen2-torsion	48	CS(=O)(=O)C1=NC(=CS1)Br	CS(=O)(=O)C1=NC(=CS1)Br
gen2-torsion	24	c1cc(ncc1Br)C2(CC2)CO	c1cc(ncc1Br)C2(CC2)CO
gen2-torsion	48	Cc1ccc2c(c1)C=C(C(=O)N2)/C=N/C(C)(C)C	Cc1ccc2c(c1)C=C(C(=O)N2)C=NC(C)(C)C
gen2-torsion	24	C1C[C@@]2(CC[N@@](C2)CC3=NC=CS3)C(=O)N(C1)C4CCOCC4	C1CC2(CCN(C2)CC3=NC=CS3)C(=O)N(C1)C4CCOCC4
gen2-torsion	11	CO/N=C\C(=C\c1ccc(cc1)Cl)\C#N	CON=CC(=Cc1ccc(cc1)Cl)C#N
gen2-torsion	24	c1cc2c(cc1F)c(cc(n2)CN3CC(C3)N4CCOCC4)O	c1cc2c(cc1F)c(cc(n2)CN3CC(C3)N4CCOCC4)O
gen2-torsion	11	c1cnc(nc1)C2=NC=CO2	c1cnc(nc1)C2=NC=CO2
gen2-torsion	48	CC(C)(C#N)/N=N/C(=O)N	CC(C)(C#N)N=NC(=O)N
gen2-torsion	24	COc1ccccc1C2=NC=NN2	COc1ccccc1C2=NC=NN2
gen2-torsion	48	CCS(=O)(=O)N1C=C(C=N1)O	CCS(=O)(=O)N1C=C(C=N1)O
gen2-torsion	8	Cc1c(ccc2c1ON=C2C)OCCCOc3ccc4c(c3)CC[C@H]4CC(=O)O	Cc1c(ccc2c1ON=C2C)OCCCOc3ccc4c(c3)CCC4CC(=O)O
gen2-torsion	48	C(CO)O	C(CO)O
gen2-torsion	7	c1cc2c(cc1Nc3c4c(c(nn3)Nc5ccc6c(c5)SC=N6)OC=C4)SC=N2	c1cc2c(cc1Nc3c4c(c(nn3)Nc5ccc6c(c5)SC=N6)OC=C4)SC=N2
gen2-torsion	24	c1ccnc(c1)OC2CCCCC2	c1ccnc(c1)OC2CCCCC2
gen2-torsion	24	c1c(cnc(n1)C2(CC2)C(=O)O)Br	c1c(cnc(n1)C2(CC2)C(=O)O)Br
gen2-torsion	24	c1cc2c(cc1NS(=O)(=O)C3=CC=C(S3)Cl)OCO2	c1cc2c(cc1NS(=O)(=O)C3=CC=C(S3)Cl)OCO2
gen2-torsion	24	CC(C)(C)N1CCN(CC1)c2c3c(ccn2)OC=C3	CC(C)(C)N1CCN(CC1)c2c3c(ccn2)OC=C3
gen2-torsion	11	c1ccc(cc1)NC2=NC=CO2	c1ccc(cc1)NC2=NC=CO2
gen2-torsion	24	c1ccc(cc1)/N=C\NC#N	c1ccc(cc1)N=CNC#N
gen2-torsion	11	c1ccc(cc1)[C@H]2CCCc3c2cccc3	c1ccc(cc1)C2CCCc3c2cccc3
gen2-torsion	24	CC(C)C1=NC=CO1	CC(C)C1=NC=CO1
gen2-torsion	48	c1ccc(cc1)C2(CC2)Nc3ccccc3	c1ccc(cc1)C2(CC2)Nc3ccccc3
gen2-torsion	24	[C@@](C(F)(F)Br)(F)(Cl)Br	C(C(F)(Cl)Br)(F)(F)Br
gen2-torsion	17	CN1c2ccccc2C3(C1=O)CC=CC3	CN1c2ccccc2C3(C1=O)CC=CC3
gen2-torsion	24	C/C(=N\NC(=O)N)/C1=CC(CCC1)(C)C	CC(=NNC(=O)N)C1=CC(CCC1)(C)C
gen2-torsion	24	CC1=C(SC2=C1C(=O)N(C(=O)N2CCOC)CC=C(C)C)CN3CCNC3=O	CC1=C(SC2=C1C(=O)N(C(=O)N2CCOC)CC=C(C)C)CN3CCNC3=O
gen2-torsion	48	CN1C=CC=C1C(=S)N=P(N(C)C)(N(C)C)N(C)C	CN1C=CC=C1C(=S)N=P(N(C)C)(N(C)C)N(C)C
gen2-torsion	10	c1cc(ccc1/N=N/C2=C(NNC2=O)N)S(=O)(=O)N	c1cc(ccc1N=NC2=C(NNC2=O)N)S(=O)(=O)N
gen2-torsion	48	COC(=O)C[N+]#[C-]	COC(=O)C[N+]#[C-]
gen2-torsion	22	c1ccc2c(c1)[C@@H](CCO2)Nc3ccccn3	c1ccc2c(c1)C(CCO2)Nc3ccccn3
gen2-torsion	24	c1ccnc(c1)C2CC2	c1ccnc(c1)C2CC2
gen2-torsion	24	c1cc(ncc1Cl)C2(CC2)C#N	c1cc(ncc1Cl)C2(CC2)C#N
gen2-torsion	22	c1cc(ccc1/C=N/Nc2nc(cnn2)O)Br	c1cc(ccc1C=NNc2nc(cnn2)O)Br
gen2-torsion	48	COCN1C=NC(=C1c2ccc(cc2)OC)c3ccc(cc3)OC	COCN1C=NC(=C1c2ccc(cc2)OC)c3ccc(cc3)OC
gen2-torsion	15	CNC(=O)N1c2ccccc2N=N1	CNC(=O)N1c2ccccc2N=N1
gen2-torsion	24	c1ccc(c(c1)S(=O)(=O)/N=C\2/CCCCCN2)Cl	c1ccc(c(c1)S(=O)(=O)N=C2CCCCCN2)Cl
gen2-torsion	11	CC(=O)Nc1cccnn1	CC(=O)Nc1cccnn1
gen2-torsion	48	CNCC(Cl)Cl	CNCC(Cl)Cl
gen2-torsion	13	c1ccc(c(c1)C2C=CNC=C2)Cl	c1ccc(c(c1)C2C=CNC=C2)Cl
gen2-torsion	48	C[C@@]1(CC(=O)N1)C2=NC=CS2	CC1(CC(=O)N1)C2=NC=CS2
gen2-torsion	48	CC1=NNC(=N1)CN	CC1=NNC(=N1)CN
gen2-torsion	24	CC[n+]1cccc2c1c(ccc2)OCC	CC[n+]1cccc2c1c(ccc2)OCC
gen2-torsion	48	c1ccc2c(c1)[C@@H](CCO2)Nc3ccccn3	c1ccc2c(c1)C(CCO2)Nc3ccccn3
gen2-torsion	11	Cc1cncnc1Oc2ccccc2F	Cc1cncnc1Oc2ccccc2F
gen2-torsion	24	CCOCCOC1CCC(CC1)(C(=O)OC)NC(=O)Cc2c(cc(c(c2C)C)C)C	CCOCCOC1CCC(CC1)(C(=O)OC)NC(=O)Cc2c(cc(c(c2C)C)C)C
gen2-torsion	48	c1cc(c(cc1F)S(=O)(=O)/N=C\2/CCCCCN2)F	c1cc(c(cc1F)S(=O)(=O)N=C2CCCCCN2)F
gen2-torsion	7	c1ccc(cc1)C2=NN=N[N-]2	c1ccc(cc1)C2=NN=N[N-]2
gen2-torsion	24	CC[C@@H]1C[C@@]1(c2ccc(nn2)OC)N	CCC1CC1(c2ccc(nn2)OC)N
gen2-torsion	24	CC(C)(C)OC(=O)N1CCOC[C@H]1COOC	CC(C)(C)OC(=O)N1CCOCC1COOC
gen2-torsion	24	CCS(=O)(=O)N1C=C(C=N1)O	CCS(=O)(=O)N1C=C(C=N1)O
gen2-torsion	48	C[C@H](c1ccccc1)C(=O)N(C)C	CC(c1ccccc1)C(=O)N(C)C
gen2-torsion	15	CNC(=O)C1=C(C=CN1C)O	CNC(=O)C1=C(C=CN1C)O
gen2-torsion	24	CC1(C(=O)OOC1(C)C)C	CC1(C(=O)OOC1(C)C)C
gen2-torsion	24	CCOC(=O)C1(CCN(CC1)OCC)O	CCOC(=O)C1(CCN(CC1)OCC)O
gen2-torsion	48	c1ccc(cc1)OC2CCCCC2	c1ccc(cc1)OC2CCCCC2
gen2-torsion	24	C1CC1(C2=NOC=C2)C(=O)O	C1CC1(C2=NOC=C2)C(=O)O
gen2-torsion	24	CC(CC(=O)OC)(F)F	CC(CC(=O)OC)(F)F
gen2-torsion	48	CC[C@H]1C[C@]1(c2ccc(nn2)OC)N	CCC1CC1(c2ccc(nn2)OC)N
gen2-torsion	24	C1CC1NC(=O)C[N@]2C[C@H](CO2)O	C1CC1NC(=O)CN2CC(CO2)O
gen2-torsion	24	CCN(CC)CCNC(=O)c1ccc(cc1OC)N(S(=O)(=O)C)S(=O)(=O)C	CCN(CC)CCNC(=O)c1ccc(cc1OC)N(S(=O)(=O)C)S(=O)(=O)C
gen2-torsion	24	CC[C@H](C)[C@@H]1[C@H](OC1=O)C(=O)NCc2ccc(cc2)C(C)(C)C	CCC(C)C1C(OC1=O)C(=O)NCc2ccc(cc2)C(C)(C)C
gen2-torsion	48	C1[C@H]2[C@@H](C2O)CN1	C1C2C(C2O)CN1
gen2-torsion	48	CN1CCN(CC1)C(=O)CN2C=CC=CC2=O	CN1CCN(CC1)C(=O)CN2C=CC=CC2=O
gen2-torsion	48	CC(C)(C)OC(=O)N1C=C(c2c1c(c(cc2)Cl)Cl)O	CC(C)(C)OC(=O)N1C=C(c2c1c(c(cc2)Cl)Cl)O
gen2-torsion	24	CC(C)(C(CN1C=NC=N1)(CN2C=NC=N2)O)Oc3ccc(cc3)Cl	CC(C)(C(CN1C=NC=N1)(CN2C=NC=N2)O)Oc3ccc(cc3)Cl
gen2-torsion	24	CS(=O)(=O)N1CCN(CC1)C(=O)N	CS(=O)(=O)N1CCN(CC1)C(=O)N
gen2-torsion	24	CN1CCC[C@@]2(C1=O)CCN(C2)C(=O)CSC	CN1CCCC2(C1=O)CCN(C2)C(=O)CSC
gen2-torsion	24	C1CC[C@@H]([C@H](C1)CC2=NC=CN2)O	C1CCC(C(C1)CC2=NC=CN2)O
gen2-torsion	24	CC(=O)[O-]	CC(=O)[O-]
gen2-torsion	24	c1c(c(c(nn1)Cl)Cl)OCC(F)(F)F	c1c(c(c(nn1)Cl)Cl)OCC(F)(F)F
gen2-torsion	24	CN(C)c1ccccc1c2ccccn2	CN(C)c1ccccc1c2ccccn2
gen2-torsion	24	c1ccnc(c1)CC2=CC=CC(=O)N2	c1ccnc(c1)CC2=CC=CC(=O)N2
gen2-torsion	48	CC(=O)CN1C=C(C=N1)Br	CC(=O)CN1C=C(C=N1)Br
gen2-torsion	24	COC(=O)CC1=CS/C(=N/S(=O)(=O)C)/N1	COC(=O)CC1=CSC(=NS(=O)(=O)C)N1
gen2-torsion	11	C#Cc1ccccc1	C#Cc1ccccc1
gen2-torsion	13	C[C@H](C(C)C)[N@@]1CC[C@@H](O1)c2ccc(cc2)[C@@H]3CC[N@@](O3)[C@@H](C)C(C)C	CC(C)C(C)N1CCC(O1)c2ccc(cc2)C3CCN(O3)C(C)C(C)C
gen2-torsion	13	CCOC1=CN=C(NC1=S)C	CCOC1=CN=C(NC1=S)C
gen2-torsion	48	CCOCCNc1c(c(ccc1S(=O)(=O)C)C(=O)C2=C(N(N=C2C3CC3)C)O)C	CCOCCNc1c(c(ccc1S(=O)(=O)C)C(=O)C2=C(N(N=C2C3CC3)C)O)C
gen2-torsion	48	c1cc(ccc1[N+](=O)[O-])S(=O)(=O)NCl	c1cc(ccc1[N+](=O)[O-])S(=O)(=O)NCl
gen2-torsion	48	CCOCCN1C(=O)C2=C(N(C1=O)CCC(F)(F)F)SC(=C2C)CNCCN	CCOCCN1C(=O)C2=C(N(C1=O)CCC(F)(F)F)SC(=C2C)CNCCN
gen2-torsion	48	COC(=O)c1ccccc1Nc2ccccc2	COC(=O)c1ccccc1Nc2ccccc2
gen2-torsion	24	CC(=O)CN(C)N=O	CC(=O)CN(C)N=O
gen2-torsion	48	C1CCC2(C1)C(=O)N(C(=O)N2)CC3=NOC(=N3)C4CC4	C1CCC2(C1)C(=O)N(C(=O)N2)CC3=NOC(=N3)C4CC4
gen2-torsion	24	CCN\1C(=O)CS/C1=N\S(=O)(=O)c2ccccc2	CCN1C(=O)CSC1=NS(=O)(=O)c2ccccc2
gen2-torsion	48	CN(C)CC(OC)OC	CN(C)CC(OC)OC
gen2-torsion	24	CS(=O)(=O)c1ccc(c(c1COC2CCCCC2)Cl)C(=O)C3C(=O)CCCC3=O	CS(=O)(=O)c1ccc(c(c1COC2CCCCC2)Cl)C(=O)C3C(=O)CCCC3=O
gen2-torsion	24	c1ccc2c(c1)ccc(n2)COc3ccccc3NS(=O)(=O)c4ccc(cc4)Cl	c1ccc2c(c1)ccc(n2)COc3ccccc3NS(=O)(=O)c4ccc(cc4)Cl
gen2-torsion	24	C[N+]1=CN(C=C1)S(=O)(=O)N2C=CN=C2	C[N+]1=CN(C=C1)S(=O)(=O)N2C=CN=C2
gen2-torsion	24	C[C@@]1\2CC[C@@H](C1(C)C)C/C2=N/OC(=O)c3cccc4c3cccc4	CC1(C2CCC1(C(=NOC(=O)c3cccc4c3cccc4)C2)C)C
gen2-torsion	9	CC(C)c1c(c(ncn1)O)Br	CC(C)c1c(c(ncn1)O)Br
gen2-torsion	24	CC(C)(C)NS(=O)(=O)c1cc(ccc1C(=O)O)C2CC2	CC(C)(C)NS(=O)(=O)c1cc(ccc1C(=O)O)C2CC2
gen2-torsion	13	COC(=O)CC1=CS/C(=N\S(=O)(=O)C)/N1	COC(=O)CC1=CSC(=NS(=O)(=O)C)N1
gen2-torsion	24	CC1=C(C(=O)NC=C1)C(=O)NC	CC1=C(C(=O)NC=C1)C(=O)NC
gen2-torsion	24	C[C@@H]1CN(C[C@@H](N1C(=O)C2=CNN=N2)C)S(=O)(=O)c3ccc(cc3)F	CC1CN(CC(N1C(=O)C2=CNN=N2)C)S(=O)(=O)c3ccc(cc3)F
gen2-torsion	48	CC1(CC1)c2c(cc(cn2)Br)CNC3CC3	CC1(CC1)c2c(cc(cn2)Br)CNC3CC3
gen2-torsion	24	c1ccc(c(c1)C2=CSC=N2)O	c1ccc(c(c1)C2=CSC=N2)O
gen2-torsion	7	CNC1=C(C=CS1)C(=O)N	CNC1=C(C=CS1)C(=O)N
gen2-torsion	24	CCCCc1cc2ccccc2c(n1)O	CCCCc1cc2ccccc2c(n1)O
gen2-torsion	24	CNC(=O)NC1COC1	CNC(=O)NC1COC1
gen2-torsion	48	CCS(=O)(=O)N1C=C(C=N1)O	CCS(=O)(=O)N1C=C(C=N1)O
gen2-torsion	24	COc1ccc(cc1)CCc2ccccc2O	COc1ccc(cc1)CCc2ccccc2O
gen2-torsion	26	CC/C=C\C	CCC=CC
gen2-torsion	24	CCC1=NN(C(=O)N1OCC)CC	CCC1=NN(C(=O)N1OCC)CC
gen2-torsion	24	COC1=C(N2C=CSC2=N1)/C=N/OC	COC1=C(N2C=CSC2=N1)C=NOC
gen2-torsion	24	c1ccc2c(c1)C3=N/C(=C\c4ccc(cc4)[N+](=O)[O-])/C(=O)N3S2(=O)=O	c1ccc2c(c1)C3=NC(=Cc4ccc(cc4)[N+](=O)[O-])C(=O)N3S2(=O)=O
gen2-torsion	48	CC(=O)N[P@](=O)(OC)SC	CC(=O)NP(=O)(OC)SC
gen2-torsion	48	C[C@@H](C(=O)N(C)OC)NC(=O)C	CC(C(=O)N(C)OC)NC(=O)C
gen2-torsion	24	C[N@@]1CC[C@H](C1)C(=O)N2CCN(CC2)C	CN1CCN(CC1)C(=O)C2CCN(C2)C
gen2-torsion	48	CNC(=O)COC	CNC(=O)COC
gen2-torsion	24	CS(=O)(=O)Cc1ccccc1S(=O)(=O)N	CS(=O)(=O)Cc1ccccc1S(=O)(=O)N
gen2-torsion	24	C[C@@H](C(=O)N(C)C)NC(=O)C	CC(C(=O)N(C)C)NC(=O)C
gen2-torsion	24	c1ccc2c(c1)ccc(n2)COc3ccc(cc3SC(F)(F)F)CC(=O)O	c1ccc2c(c1)ccc(n2)COc3ccc(cc3SC(F)(F)F)CC(=O)O
gen2-torsion	48	c1cc(nc(c1CO)Cl)Br	c1cc(nc(c1CO)Cl)Br
gen2-torsion	7	CC(C)c1c(c(c(c(n1)C(C)C)CO)c2ccc(cc2)F)CN3C=CN=C3	CC(C)c1c(c(c(c(n1)C(C)C)CO)c2ccc(cc2)F)CN3C=CN=C3
gen2-torsion	24	CC1(CC[NH2+]CC1)c2ccccc2	CC1(CC[NH2+]CC1)c2ccccc2
gen2-torsion	48	CC1=C(SC2=C1C(=O)N(C(=O)N2CCOC)CCCOC)CO	CC1=C(SC2=C1C(=O)N(C(=O)N2CCOC)CCCOC)CO
gen2-torsion	24	C[C@]12CC[C@H]3c4cc(c(cc4CC[C@H]3[C@@H]1CCCC2=O)OS(=O)(=O)N)OC	CC12CCC3c4cc(c(cc4CCC3C1CCCC2=O)OS(=O)(=O)N)OC
gen2-torsion	24	C[n+]1ccc(cc1)C(=O)N	C[n+]1ccc(cc1)C(=O)N
gen2-torsion	24	c1cc(ncc1Br)C2(CC2)CO	c1cc(ncc1Br)C2(CC2)CO
gen2-torsion	24	C[C@]1(CCC(=O)O1)c2ccc(c(c2)OCC3CC3)OC	CC1(CCC(=O)O1)c2ccc(c(c2)OCC3CC3)OC
gen2-torsion	24	CC1(C[C@@]1(C(=O)N)C(=O)O)C	CC1(CC1(C(=O)N)C(=O)O)C
gen2-torsion	24	C1=C(SN=N1)CNN	C1=C(SN=N1)CNN
gen2-torsion	22	Cc1ccccc1N2CC[NH2+]CC2	Cc1ccccc1N2CC[NH2+]CC2
gen2-torsion	24	CC(C)[N@@]1CCC[C@H](C1)CN2C(=O)c3cc(ccc3N=C2C4CC4)c5ccc(cc5)Cl	CC(C)N1CCCC(C1)CN2C(=O)c3cc(ccc3N=C2C4CC4)c5ccc(cc5)Cl
gen2-torsion	48	CN(C)/N=N/c1ccc(cc1)Br	CN(C)N=Nc1ccc(cc1)Br
gen2-torsion	24	c1ccc(c(c1)S(=O)(=O)N)S(=O)(=O)NF	c1ccc(c(c1)S(=O)(=O)N)S(=O)(=O)NF
gen2-torsion	48	CN\1CCC/C1=N/S(=O)(=O)c2ccc(cc2)N	CN1CCCC1=NS(=O)(=O)c2ccc(cc2)N
gen2-torsion	24	C1CC1NC(=O)C[N@@]2C[C@@H](CO2)O	C1CC1NC(=O)CN2CC(CO2)O
gen2-torsion	48	C=C(C(=O)O)OP(=O)(O)O	C=C(C(=O)O)OP(=O)(O)O
gen2-torsion	10	CC1(C[C@]1(C(=O)N)C(=O)O)C	CC1(CC1(C(=O)N)C(=O)O)C
gen2-torsion	24	CC(C)N1C=CC=CC1=O	CC(C)N1C=CC=CC1=O
gen2-torsion	48	CC(=O)NC[C@H](c1ccccc1)O	CC(=O)NCC(c1ccccc1)O
gen2-torsion	24	Cc1ccccc1C2=NN=N[N-]2	Cc1ccccc1C2=NN=N[N-]2
gen2-torsion	24	CC1=C(SC=C1)[C@H](C2CC2)N	CC1=C(SC=C1)C(C2CC2)N
gen2-torsion	24	CC1(C=C(c2c(cccc2O1)O)CN3CCN(CC3)c4ccccc4)C	CC1(C=C(c2c(cccc2O1)O)CN3CCN(CC3)c4ccccc4)C
gen2-torsion	48	C[C@H](c1ccccc1[N+](=O)[O-])N	CC(c1ccccc1[N+](=O)[O-])N
gen2-torsion	24	CC1=C(c2cc(ccc2N1C(=O)c3ccc(cc3)Cl)OC)CC4=NCCO4	CC1=C(c2cc(ccc2N1C(=O)c3ccc(cc3)Cl)OC)CC4=NCCO4
gen2-torsion	48	C1CC1(C2=NOC=C2)C(=O)O	C1CC1(C2=NOC=C2)C(=O)O
gen2-torsion	48	c1cc(c(cc1Br)OCC2OCCO2)F	c1cc(c(cc1Br)OCC2OCCO2)F
gen2-torsion	24	C1[C@H](CN[C@@H]1C(=O)N)F	C1C(CNC1C(=O)N)F
gen2-torsion	11	c1cc(c([n+](c1)[O-])N)[N+](=O)[O-]	c1cc(c([n+](c1)[O-])N)[N+](=O)[O-]
gen2-torsion	24	Cc1cc(c(nc1)C2(CC2)C)CNC3CC3	Cc1cc(c(nc1)C2(CC2)C)CNC3CC3
gen2-torsion	48	c1ccc(c(c1)C2C=CNC=C2)[N+](=O)[O-]	c1ccc(c(c1)C2C=CNC=C2)[N+](=O)[O-]
gen2-torsion	48	c1cc(ncc1F)C2(CC2)C(=O)O	c1cc(ncc1F)C2(CC2)C(=O)O
gen2-torsion	48	CC[O+]=C(N)N	CC[O+]=C(N)N
gen2-torsion	24	c1cc(c2c(c1)OC=N2)C(=O)O	c1cc(c2c(c1)OC=N2)C(=O)O
gen2-torsion	48	CS(=N)(=N)c1ccccc1	CS(=N)(=N)c1ccccc1
gen2-torsion	24	Cc1ccccc1S(=O)(=O)N(C)C	Cc1ccccc1S(=O)(=O)N(C)C
gen2-torsion	13	CC(=O)NC[C@H]1CN(C(=O)O1)c2ccc3c(c2)OCC4=CC=CN34	CC(=O)NCC1CN(C(=O)O1)c2ccc3c(c2)OCC4=CC=CN34
gen2-torsion	24	C[C@H](c1ccccc1)NC2=NCCO2	CC(c1ccccc1)NC2=NCCO2
gen2-torsion	24	CCCc1cc(ccc1O)C2=NC(=CO2)CC	CCCc1cc(ccc1O)C2=NC(=CO2)CC
gen2-torsion	22	c1cnc(nc1)N2C=CC=N2	c1cnc(nc1)N2C=CC=N2
gen2-torsion	48	CC(C)(C)N1C=C(C=N1)Br	CC(C)(C)N1C=C(C=N1)Br
gen2-torsion	24	CC(C)C(=O)N1CCc2c1ccc(c2)CNS(=O)(=O)c3ccccc3	CC(C)C(=O)N1CCc2c1ccc(c2)CNS(=O)(=O)c3ccccc3
gen2-torsion	24	CC(C)(C)NC[C@H](c1ccc2c(c1)N=C(N2)O)O	CC(C)(C)NCC(c1ccc2c(c1)N=C(N2)O)O
gen2-torsion	48	Cc1c(nc(nn1)N/N=C/c2ccc(cc2)F)O	Cc1c(nc(nn1)NN=Cc2ccc(cc2)F)O
gen2-torsion	48	C1CC1(C(=O)O)F	C1CC1(C(=O)O)F
gen2-torsion	11	C=CC[n+]1ccccc1/C=N/O	C=CC[n+]1ccccc1C=NO
gen2-torsion	48	c1cc2c(nc1)OCCN2C(=O)C3=COC(=C3)Br	c1cc2c(nc1)OCCN2C(=O)C3=COC(=C3)Br
gen2-torsion	24	CC1=C(C(=NN1CCN(C)C)C)S(=O)(=O)c2ccc(cc2)NS(=O)(=O)C	CC1=C(C(=NN1CCN(C)C)C)S(=O)(=O)c2ccc(cc2)NS(=O)(=O)C
gen2-torsion	24	c1c(cnc(c1Cl)OC(C(F)F)(F)F)Br	c1c(cnc(c1Cl)OC(C(F)F)(F)F)Br
gen2-torsion	48	CC1(CC1)c2c(cc(cn2)Br)CNC3CC3	CC1(CC1)c2c(cc(cn2)Br)CNC3CC3
gen2-torsion	24	COC(=O)C1(CC1)F	COC(=O)C1(CC1)F
gen2-torsion	48	c1ccc(cc1)P(=O)(Cl)Cl	c1ccc(cc1)P(=O)(Cl)Cl
gen2-torsion	24	c1ccc(cc1)CS(=O)(=O)NO	c1ccc(cc1)CS(=O)(=O)NO
gen2-torsion	24	C[N@]1CCC[C@H](C1)Nc2c3c(ncn2)NC=C3	CN1CCCC(C1)Nc2c3c(ncn2)NC=C3
gen2-torsion	24	CNC(=O)c1ccc2ccccc2c1O	CNC(=O)c1ccc2ccccc2c1O
gen2-torsion	24	c1ccc(cc1)C2=CCCC2	c1ccc(cc1)C2=CCCC2
gen2-torsion	11	C(CBr)C1=NN=NN1	C(CBr)C1=NN=NN1
gen2-torsion	24	C[N@](Cc1ccccc1)c2ccccc2	CN(Cc1ccccc1)c2ccccc2
gen2-torsion	24	CC(=O)N[P@](=O)(OC)SC	CC(=O)NP(=O)(OC)SC
gen2-torsion	24	CC1=C(SC2=C1C(=O)N(C(=O)N2CCOC)CCc3ccccc3)CN4CCC4=O	CC1=C(SC2=C1C(=O)N(C(=O)N2CCOC)CCc3ccccc3)CN4CCC4=O
gen2-torsion	24	CN1C=CC=C1C(=S)N=P(N(C)C)(N(C)C)N(C)C	CN1C=CC=C1C(=S)N=P(N(C)C)(N(C)C)N(C)C
gen2-torsion	48	c1cc(ccc1O)OC(C(F)F)(F)F	c1cc(ccc1O)OC(C(F)F)(F)F
gen2-torsion	48	CC(=O)OO	CC(=O)OO
gen2-torsion	24	c1ccc2c(c1)C(=CN2)CC(=O)C3=CNc4c3cccc4	c1ccc2c(c1)C(=CN2)CC(=O)C3=CNc4c3cccc4
gen2-torsion	24	CCCCOc1ccc(cc1)CNCCN(CC)CC	CCCCOc1ccc(cc1)CNCCN(CC)CC
gen2-torsion	24	C1C2CC3CC1CC(C2)C3=NOC(=O)C4=CC=CO4	C1C2CC3CC1CC(C2)C3=NOC(=O)C4=CC=CO4
gen2-torsion	7	c1cc(ccc1CC(=O)O)C2=NNN=N2	c1cc(ccc1CC(=O)O)C2=NNN=N2
gen2-torsion	24	CO/C=N/c1ccc(cc1)F	COC=Nc1ccc(cc1)F
gen2-torsion	24	CNCCC1=NCC=CN1	CNCCC1=NCC=CN1
gen2-torsion	7	c1ccc(c(c1)C2=CSC=N2)O	c1ccc(c(c1)C2=CSC=N2)O
gen2-torsion	24	c1ccc(c(c1)C2(CC2)C(=O)N3CCCCC3)Cl	c1ccc(c(c1)C2(CC2)C(=O)N3CCCCC3)Cl
gen2-torsion	48	C[C@@H](c1ccccc1)F	CC(c1ccccc1)F
gen2-torsion	24	CCC(C)(C)NC(=O)N1C(=O)N(C(=N1)C)NC	CCC(C)(C)NC(=O)N1C(=O)N(C(=N1)C)NC
gen2-torsion	24	CC1=NN(C(=O)N1NC(C)C)C(=O)NC2CCCCC2	CC1=NN(C(=O)N1NC(C)C)C(=O)NC2CCCCC2
gen2-torsion	48	CCc1ccc(cc1)N=S=O	CCc1ccc(cc1)N=S=O
gen2-torsion	13	c1ccc2c(c1)C(=O)N(S2(=O)=O)C/C=C\CBr	c1ccc2c(c1)C(=O)N(S2(=O)=O)CC=CCBr
gen2-torsion	48	CC1=CSC=[N+]1CC(=O)c2ccccc2	CC1=CSC=[N+]1CC(=O)c2ccccc2
gen2-torsion	26	CC1=CSC2=C1C(=O)N(C(=O)N2)C3CC3	CC1=CSC2=C1C(=O)N(C(=O)N2)C3CC3
gen2-torsion	24	c1cc(ccc1C[C@@H](C(=O)O)N)OCCF	c1cc(ccc1CC(C(=O)O)N)OCCF
gen2-torsion	24	CN(C)C[C@H](COC)O	CN(C)CC(COC)O
gen2-torsion	24	c1ccc(cc1)C2=C(N=C3N2C=CC(=N3)C4CC4)c5ccc(cc5)C6(CCC6)N	c1ccc(cc1)C2=C(N=C3N2C=CC(=N3)C4CC4)c5ccc(cc5)C6(CCC6)N
gen2-torsion	24	CCc1cc(c(c(c1)Br)O)/N=N/c2ccccc2	CCc1cc(c(c(c1)Br)O)N=Nc2ccccc2
gen2-torsion	24	c1cc(c(cc1F)F)[C@@](CN2C=NC=N2)(C3(CC3)Oc4c(cc(cc4F)F)F)O	c1cc(c(cc1F)F)C(CN2C=NC=N2)(C3(CC3)Oc4c(cc(cc4F)F)F)O
gen2-torsion	24	CC(C)C(=O)NNC=O	CC(C)C(=O)NNC=O
gen2-torsion	48	CNC(=O)c1c(cccc1OC)O	CNC(=O)c1c(cccc1OC)O
gen2-torsion	24	c1ccc(cc1)c2ccc(cc2)C3(CCCCC3)CNC=O	c1ccc(cc1)c2ccc(cc2)C3(CCCCC3)CNC=O
gen2-torsion	24	CCCc1c(ccc(c1O)C(=O)C)OCCCOc2cccnc2CCC(=O)OC	CCCc1c(ccc(c1O)C(=O)C)OCCCOc2cccnc2CCC(=O)OC
gen2-torsion	24	c1ccc(cc1)S(=O)(=O)N2CCCC2	c1ccc(cc1)S(=O)(=O)N2CCCC2
gen2-torsion	24	CC(CC(=O)OC)(F)F	CC(CC(=O)OC)(F)F
gen2-torsion	48	Cc1ccccc1S(=O)(=O)c2ccccc2C	Cc1ccccc1S(=O)(=O)c2ccccc2C
gen2-torsion	24	CCCC(=O)OC(c1ccccc1)c2ccccc2	CCCC(=O)OC(c1ccccc1)c2ccccc2
gen2-torsion	20	CCCCC1(C(=O)N(N(C1=O)c2ccccc2)c3ccccc3)O	CCCCC1(C(=O)N(N(C1=O)c2ccccc2)c3ccccc3)O
gen2-torsion	11	CC[C@H]1C[C@]1(c2ccc(nn2)OC)N	CCC1CC1(c2ccc(nn2)OC)N
gen2-torsion	14	c1cc(c2=NON=c2c1)C3C=CNC=C3	c1cc(c2=NON=c2c1)C3C=CNC=C3
gen2-torsion	24	CC1=C(SC2=C1C(=O)N(C(=O)N2CC(F)F)CC(C)C)CNCCN	CC1=C(SC2=C1C(=O)N(C(=O)N2CC(F)F)CC(C)C)CNCCN
gen2-torsion	15	CN1CNC(=O)/C(=C/c2ccccc2)/C1=O	CN1CNC(=O)C(=Cc2ccccc2)C1=O
gen2-torsion	9	c1cnc(c2c1OC=C2)N3CCC(CC3)CO	c1cnc(c2c1OC=C2)N3CCC(CC3)CO
gen2-torsion	24	CC(C)COC(=O)N\1c2ccccc2S/C1=N/C(=O)N(C)C	CC(C)COC(=O)N1c2ccccc2SC1=NC(=O)N(C)C
gen2-torsion	24	C[C@@H]([C@H](CN1CCN(CC1)c2ccccc2)O)Oc3cc(ccc3OC)[C@H]4CC(=O)NC4	CC(C(CN1CCN(CC1)c2ccccc2)O)Oc3cc(ccc3OC)C4CC(=O)NC4
gen2-torsion	24	CS(=O)(=O)NC(=O)Cc1ccc(c(c1)F)OCc2ccc3ccccc3n2	CS(=O)(=O)NC(=O)Cc1ccc(c(c1)F)OCc2ccc3ccccc3n2
gen2-torsion	48	CN1CCN(CC1)C(=O)[C@@H]2C[C@@H]3CC[N@@](C[C@H]3O2)S(=O)(=O)C	CN1CCN(CC1)C(=O)C2CC3CCN(CC3O2)S(=O)(=O)C
gen2-torsion	48	c1cnc(c(c1C(=O)O)Cl)C(F)(F)F	c1cnc(c(c1C(=O)O)Cl)C(F)(F)F
gen2-torsion	24	CC(=O)C1=C(N2C(=NC=N2)N=N1)/C=C/N(C)C	CC(=O)C1=C(N2C(=NC=N2)N=N1)C=CN(C)C
gen2-torsion	24	c1ccc2c(c1)ncc(n2)NCC3(CCC3)O	c1ccc2c(c1)ncc(n2)NCC3(CCC3)O
gen2-torsion	24	c1cc2cc(ccc2nc1)/N=N\C3=NC=CN3	c1cc2cc(ccc2nc1)N=NC3=NC=CN3
gen2-torsion	24	CCC1(COC1)C	CCC1(COC1)C
gen2-torsion	14	c1ccnc(c1)NC2=NC=CS2	c1ccnc(c1)NC2=NC=CS2
gen2-torsion	24	CC(=O)N(c1ccccn1)c2ccccn2	CC(=O)N(c1ccccn1)c2ccccn2
gen2-torsion	24	COC(=O)CC1=CS/C(=N/S(=O)(=O)C)/N1	COC(=O)CC1=CSC(=NS(=O)(=O)C)N1
gen2-torsion	24	CCSc1cccc(c1)C(F)(F)F	CCSc1cccc(c1)C(F)(F)F
gen2-torsion	24	COC(=O)CC1(CC1)N	COC(=O)CC1(CC1)N
gen2-torsion	24	CCOC(=[O+]CC)OCC	CCOC(=[O+]CC)OCC
gen2-torsion	48	CO[C@@H]1CC[C@@H]2[C@@H]1OCCN2C(=O)c3ccc(c(c3)Cl)F	COC1CCC2C1OCCN2C(=O)c3ccc(c(c3)Cl)F
gen2-torsion	24	CN(C)/C=C/C(=O)c1ccc2ccccc2c1	CN(C)C=CC(=O)c1ccc2ccccc2c1
gen2-torsion	24	CC(=O)N[P@](=O)(OC)SC	CC(=O)NP(=O)(OC)SC
gen2-torsion	48	CNS(=O)(=O)c1ccccc1	CNS(=O)(=O)c1ccccc1
gen2-torsion	9	CN(C)S(=O)(=O)c1ccccc1O	CN(C)S(=O)(=O)c1ccccc1O
gen2-torsion	24	c1ccc2c(c1)ccc3c2O[C@@H](CC3)CNCCCCN4C(=O)c5ccccc5S4(=O)=O	c1ccc2c(c1)ccc3c2OC(CC3)CNCCCCN4C(=O)c5ccccc5S4(=O)=O
gen2-torsion	24	CC(=C[C@@H]1[C@H](C1(C)C)C(=O)O[C@@H](C#N)c2cccc(c2)Oc3ccc(cc3)F)C	CC(=CC1C(C1(C)C)C(=O)OC(C#N)c2cccc(c2)Oc3ccc(cc3)F)C
gen2-torsion	24	CN1N=C(C(=N1)Br)C(=O)OC	CN1N=C(C(=N1)Br)C(=O)OC
gen2-torsion	48	CC(C)N1CCC[C@]2(C1=O)CC[N@](C2)S(=O)(=O)N3CCN(CC3)C	CC(C)N1CCCC2(C1=O)CCN(C2)S(=O)(=O)N3CCN(CC3)C
gen2-torsion	48	c1ccc(cc1)C2CC2	c1ccc(cc1)C2CC2
gen2-torsion	48	COC(=O)CC1=CS/C(=N\S(=O)(=O)C)/N1	COC(=O)CC1=CSC(=NS(=O)(=O)C)N1
gen2-torsion	14	C[C@@]1(CC(=O)N1)C2=NC=CS2	CC1(CC(=O)N1)C2=NC=CS2
gen2-torsion	24	CC[C@H](C)[C@@H]1[C@H](OC1=O)C(=O)NCc2ccc(cc2)C(C)(C)C	CCC(C)C1C(OC1=O)C(=O)NCc2ccc(cc2)C(C)(C)C
gen2-torsion	7	CNc1c(cccn1)C(=O)C2=NC=CS2	CNc1c(cccn1)C(=O)C2=NC=CS2
gen2-torsion	24	CCOP(=O)(N)OCC	CCOP(=O)(N)OCC
gen2-torsion	24	CC[C@@H](CO)Nc1c(cnc(n1)Nc2ccc(c(c2)S(=O)(=O)NCCCN(C)C)C)Br	CCC(CO)Nc1c(cnc(n1)Nc2ccc(c(c2)S(=O)(=O)NCCCN(C)C)C)Br
gen2-torsion	13	CC(C)c1c(c(ncn1)O)Br	CC(C)c1c(c(ncn1)O)Br
gen2-torsion	24	CC(C)(COCc1ccccc1)[C@@H](CCO)O	CC(C)(COCc1ccccc1)C(CCO)O
gen2-torsion	24	CCC1=CC=CO1	CCC1=CC=CO1
gen2-torsion	24	C[C@H](C1CCCCC1)Oc2cc(c(cc2C(=O)NCCN(C)C)F)N3C(=O)N4CCCCC4=N3	CC(C1CCCCC1)Oc2cc(c(cc2C(=O)NCCN(C)C)F)N3C(=O)N4CCCCC4=N3
gen2-torsion	24	COc1ccc(c(c1)S(=O)(=O)N2CCC(CC2)CCCC3CCNCC3)OC	COc1ccc(c(c1)S(=O)(=O)N2CCC(CC2)CCCC3CCNCC3)OC
gen2-torsion	24	CC1=C(C=C(S1)Br)C2CC2	CC1=C(C=C(S1)Br)C2CC2
gen2-torsion	24	C1CCS(=NC#N)(=O)C1	C1CCS(=NC#N)(=O)C1
gen2-torsion	24	CCC1=NN(C(=O)N1C)C(=O)NS(=O)(=O)c2ccccc2C(=O)OC3COC3	CCC1=NN(C(=O)N1C)C(=O)NS(=O)(=O)c2ccccc2C(=O)OC3COC3
gen2-torsion	48	COc1ccc(cc1OC)C2=CC=c3ccccc3=[O+]2	COc1ccc(cc1OC)C2=CC=c3ccccc3=[O+]2
gen2-torsion	24	c1ccc2c(c1)CC(=NOC(=O)C3=CC=CS3)C2	c1ccc2c(c1)CC(=NOC(=O)C3=CC=CS3)C2
gen2-torsion	24	CCOc1ccc(cc1Cl)SC	CCOc1ccc(cc1Cl)SC
gen2-torsion	8	C[C@@H](C1=NC(=O)NN1)NC#N	CC(C1=NC(=O)NN1)NC#N
gen2-torsion	48	C[N@@]1[C@]2(CC[N@@](C2)S(=O)(=O)C3CC3)c4ccccc4S1(=O)=O	CN1C2(CCN(C2)S(=O)(=O)C3CC3)c4ccccc4S1(=O)=O
gen2-torsion	48	CCCOc1cc(cc(c1F)F)S	CCCOc1cc(cc(c1F)F)S
gen2-torsion	48	CNC(=O)NCOC	CNC(=O)NCOC
gen2-torsion	24	CSC(=S)NN	CSC(=S)NN
gen2-torsion	48	C[C@@H](C1=NC(=O)NN1)NC#N	CC(C1=NC(=O)NN1)NC#N
gen2-torsion	24	c1ccc(c(c1)C/N=C\C2=C(N=C3N2C=CS3)Cl)Cl	c1ccc(c(c1)CN=CC2=C(N=C3N2C=CS3)Cl)Cl
gen2-torsion	24	Cc1cc2c(c(c1)OC)Oc3ccc(c(c3C(=O)OC2)OC)CO	Cc1cc2c(c(c1)OC)Oc3ccc(c(c3C(=O)OC2)OC)CO
gen2-torsion	24	CC1(OC(=O)C(C(=O)O1)C(=O)C2CC2)C	CC1(OC(=O)C(C(=O)O1)C(=O)C2CC2)C
gen2-torsion	48	C1=C(SC(=N1)CN)Br	C1=C(SC(=N1)CN)Br
gen2-torsion	24	CC[C@H](CCl)Cl	CCC(CCl)Cl
gen2-torsion	24	CC1(c2cc(ccc2NC1=O)OCC(=O)O)C	CC1(c2cc(ccc2NC1=O)OCC(=O)O)C
gen2-torsion	24	C[C@]12CCCC[C@@H]1[C@@H]3CCc4cc(c(cc4[C@H]3CC2)OC)OS(=O)(=O)N	CC12CCCCC1C3CCc4cc(c(cc4C3CC2)OC)OS(=O)(=O)N
gen2-torsion	24	CC(C)Oc1cc(ccc1Nc2c3c(ncn2)NC4=C3C[C@@H](CC4)C(=O)O)F	CC(C)Oc1cc(ccc1Nc2c3c(ncn2)NC4=C3CC(CC4)C(=O)O)F
gen2-torsion	24	CC1=C(SC=C1)[C@H](C=C)N	CC1=C(SC=C1)C(C=C)N
gen2-torsion	24	C/N=C/C1=Cc2ccccc2NC1=O	CN=CC1=Cc2ccccc2NC1=O
gen2-torsion	24	C/C(=N\N=C(\C)/C1=CC=CN1)/C2=CC=CN2	CC(=NN=C(C)C1=CC=CN1)C2=CC=CN2
gen2-torsion	24	C=C(C(=O)O)OP(=O)(O)O	C=C(C(=O)O)OP(=O)(O)O
gen2-torsion	48	CN(C)S(=O)(=O)c1ccccn1	CN(C)S(=O)(=O)c1ccccn1
gen2-torsion	48	C1[C@@H](O1)CCCF	C1C(O1)CCCF
gen2-torsion	48	CC(=O)NC1(CC1)C2=NC=CN2C	CC(=O)NC1(CC1)C2=NC=CN2C
gen2-torsion	24	C1CC2(C1)CN(C2)CCO	C1CC2(C1)CN(C2)CCO
gen2-torsion	24	CN(C)C[C@H](COC)O	CN(C)CC(COC)O
gen2-torsion	48	Cc1cccnc1OC	Cc1cccnc1OC
gen2-torsion	24	CC(=O)c1ccccc1O	CC(=O)c1ccccc1O
gen2-torsion	24	CC(=O)NC[C@H]1C[N@@](CO1)C	CC(=O)NCC1CN(CO1)C
gen2-torsion	19	C[C@H](c1ccccc1)NC(=O)N2C(=O)N=C(N2C)N(C)C	CC(c1ccccc1)NC(=O)N2C(=O)N=C(N2C)N(C)C
gen2-torsion	14	CC1=C(C(=NO1)C)/N=N/c2ccc(cc2)OC	CC1=C(C(=NO1)C)N=Nc2ccc(cc2)OC
gen2-torsion	48	C1CC1(CO)O	C1CC1(CO)O
gen2-torsion	7	C1C[C@H](N2C(=NN(C2=O)CC3=CSC(=N3)C(F)(F)F)C1)C(=O)N4CCC(C4)(F)F	C1CC(N2C(=NN(C2=O)CC3=CSC(=N3)C(F)(F)F)C1)C(=O)N4CCC(C4)(F)F
gen2-torsion	24	C[C@H](CN=S(=O)(C)C)N	CC(CN=S(=O)(C)C)N
gen2-torsion	24	CC1(C[C@]1(C(=O)N)C(=O)O)C	CC1(CC1(C(=O)N)C(=O)O)C
gen2-torsion	48	c1cc(ccc1[N+](=O)[O-])S(=O)(=O)NCl	c1cc(ccc1[N+](=O)[O-])S(=O)(=O)NCl
gen2-torsion	14	Cc1cc(c(c(c1C)/N=N\C2=[N+](c3ccccc3N2C)C)C)C	Cc1cc(c(c(c1C)N=NC2=[N+](c3ccccc3N2C)C)C)C
gen2-torsion	24	C1CC1NC(=O)CN2CCNCC2	C1CC1NC(=O)CN2CCNCC2
gen2-torsion	24	C[C@@](CN)(c1ccc(c(c1)OC2CCCC2)OC)O	CC(CN)(c1ccc(c(c1)OC2CCCC2)OC)O
gen2-torsion	24	C1[C@H](NC(=O)O1)C2=CC=C(O2)[N+](=O)[O-]	C1C(NC(=O)O1)C2=CC=C(O2)[N+](=O)[O-]
gen2-torsion	24	C/C(=N\NC(=O)N)/C1=CC(CCC1)(C)C	CC(=NNC(=O)N)C1=CC(CCC1)(C)C
gen2-torsion	24	c1cc(ccc1C(CN2C=CN=C2)(CN3C=CN=C3)O)Cl	c1cc(ccc1C(CN2C=CN=C2)(CN3C=CN=C3)O)Cl
gen2-torsion	24	CS(=O)(=O)c1ccccc1	CS(=O)(=O)c1ccccc1
gen2-torsion	24	Cc1cccnc1CN2CCN(CC2)C	Cc1cccnc1CN2CCN(CC2)C
gen2-torsion	24	C1CC1(C(=O)O)F	C1CC1(C(=O)O)F
gen2-torsion	24	C[C@H](CN1CCN(CC1)C)NC(=O)C	CC(CN1CCN(CC1)C)NC(=O)C
gen2-torsion	24	COP(=O)(NC(=O)C(Cl)(Cl)Cl)OC	COP(=O)(NC(=O)C(Cl)(Cl)Cl)OC
gen2-torsion	24	c1cc(c(cc1[C@H]2CCN2)O)O	c1cc(c(cc1C2CCN2)O)O
gen2-torsion	24	CC1=C(SC2=C1C(=O)N(C(=O)N2CCC(F)(F)F)CC(C)(C)F)CN3CCNC3=O	CC1=C(SC2=C1C(=O)N(C(=O)N2CCC(F)(F)F)CC(C)(C)F)CN3CCNC3=O
gen2-torsion	48	c1cnc(nc1)C2CC2	c1cnc(nc1)C2CC2
gen2-torsion	48	CC1(OC(=O)C(C(=O)O1)C(=O)C2CC2)C	CC1(OC(=O)C(C(=O)O1)C(=O)C2CC2)C
gen2-torsion	24	c1ccc(c(c1)S(=O)(=O)N)S(=O)(=O)NF	c1ccc(c(c1)S(=O)(=O)N)S(=O)(=O)NF
gen2-torsion	24	CC(C)c1c(c(ncn1)O)Br	CC(C)c1c(c(ncn1)O)Br
gen2-torsion	48	CC1=C(SC2=C1C(=O)N(C(=O)N2CCOC)C3(CCC3)C)CN4CCNC4=O	CC1=C(SC2=C1C(=O)N(C(=O)N2CCOC)C3(CCC3)C)CN4CCNC4=O
gen2-torsion	24	c1cc(c(cc1Cl)Cl)OCN2C=C(C=N2)N	c1cc(c(cc1Cl)Cl)OCN2C=C(C=N2)N
gen2-torsion	24	c1cc2cc(cc(c2nc1)CSC3=CN=NN3)Br	c1cc2cc(cc(c2nc1)CSC3=CN=NN3)Br
gen2-torsion	48	c1c(cnc(c1F)CN2C(=O)N3[C@@H](CCCC3=N2)C(=O)N4C[C@H]([C@H](C4)F)F)Cl	c1c(cnc(c1F)CN2C(=O)N3C(CCCC3=N2)C(=O)N4CC(C(C4)F)F)Cl
gen2-torsion	24	CC1(CC1)c2cc(ccn2)Cl	CC1(CC1)c2cc(ccn2)Cl
gen2-torsion	48	CC1(CC(=O)C(C(=O)C1)/N=N\c2c(cc(cc2Br)Br)Br)C	CC1(CC(=O)C(C(=O)C1)N=Nc2c(cc(cc2Br)Br)Br)C
gen2-torsion	48	COC(=O)C1CC1	COC(=O)C1CC1
gen2-torsion	24	c1ccc(cc1)S(=O)(=O)N(F)S(=O)(=O)c2ccccc2	c1ccc(cc1)S(=O)(=O)N(F)S(=O)(=O)c2ccccc2
gen2-torsion	48	c1ccc(cc1)/[N+](=N/c2ccccc2C3CC3)/[O-]	c1ccc(cc1)[N+](=Nc2ccccc2C3CC3)[O-]
gen2-torsion	48	C[C@@H]1CCC[N@]1c2ccccc2	CC1CCCN1c2ccccc2
gen2-torsion	24	CNC(=O)C1(CC1)F	CNC(=O)C1(CC1)F
gen2-torsion	24	Cc1cc(nc(n1)N/N=C/C2=CC=CS2)O	Cc1cc(nc(n1)NN=CC2=CC=CS2)O
gen2-torsion	24	c1ccc(cc1)C2=NCC(=O)Nc3c2c(ccc3)F	c1ccc(cc1)C2=NCC(=O)Nc3c2c(ccc3)F
gen2-torsion	48	C(C#N)N=[N+]=[N-]	C(C#N)N=[N+]=[N-]
gen2-torsion	48	CC(=O)OO	CC(=O)OO
gen2-torsion	24	Cc1cc(c2c(c1O)C[C@H](C2(C)C)C)SC	Cc1cc(c2c(c1O)CC(C2(C)C)C)SC
gen2-torsion	24	CN1C=CC=C1C(=S)N=P(N(C)C)(N(C)C)N(C)C	CN1C=CC=C1C(=S)N=P(N(C)C)(N(C)C)N(C)C
gen2-torsion	11	c1cc(ccc1Sc2c3c(ncn2)SC=C3)Br	c1cc(ccc1Sc2c3c(ncn2)SC=C3)Br
gen2-torsion	11	CC1=C/C(=N\OC(=O)c2ccccc2F)/CC(C1)(C)C	CC1=CC(=NOC(=O)c2ccccc2F)CC(C1)(C)C
gen2-torsion	48	C1CC1(C2=CC=CO2)C(=O)O	C1CC1(C2=CC=CO2)C(=O)O
gen2-torsion	24	c1cc(ccc1CO)[C@H]2CCCC[C@@H]2C(=O)N[C@@H](c3ccc(cc3)F)C(=O)N	c1cc(ccc1CO)C2CCCCC2C(=O)NC(c3ccc(cc3)F)C(=O)N
gen2-torsion	24	c1ccc(cc1)C(=O)N(C2CCCCC2)O	c1ccc(cc1)C(=O)N(C2CCCCC2)O
gen2-torsion	24	CN(C)S(=O)(=O)N1CCCCC1	CN(C)S(=O)(=O)N1CCCCC1
gen2-torsion	14	c1ccc(c(c1)/C(=C(\C#N)/N=N\c2ccc(cc2Cl)Cl)/O)Cl	c1ccc(c(c1)C(=C(C#N)N=Nc2ccc(cc2Cl)Cl)O)Cl
gen2-torsion	48	C(CO)O	C(CO)O
gen2-torsion	21	C[N@]1CNCC2=C1N=C(N2C)N3CCN(CC3)C	CN1CCN(CC1)C2=NC3=C(N2C)CNCN3C
gen2-torsion	48	CC(=O)c1ccc(cc1)S(=C)(=C)C	CC(=O)c1ccc(cc1)S(=C)(=C)C
gen2-torsion	9	Cc1cc(ccc1Cl)[C@@H]2CCC[C@@H]2O	Cc1cc(ccc1Cl)C2CCCC2O
gen2-torsion	24	CC1=CSC(=N1)N/N=C(\C)/c2ccc(cc2)Cl	CC1=CSC(=N1)NN=C(C)c2ccc(cc2)Cl
gen2-torsion	24	c1cc(ccc1OCC(CN2C=NC=N2)(CN3C=NC=N3)O)Cl	c1cc(ccc1OCC(CN2C=NC=N2)(CN3C=NC=N3)O)Cl
gen2-torsion	24	C[N@](OC)S(=O)(=O)c1ccccc1S(=O)(=O)N	CN(OC)S(=O)(=O)c1ccccc1S(=O)(=O)N
gen2-torsion	48	c1ccc(cc1)C2=C(N=C3N2C=CC(=N3)C4CC4)c5ccc(cc5)C6(CCC6)N	c1ccc(cc1)C2=C(N=C3N2C=CC(=N3)C4CC4)c5ccc(cc5)C6(CCC6)N
gen2-torsion	24	c1cc(c(cc1F)[N+](=O)[O-])[C@@H](CC#N)N	c1cc(c(cc1F)[N+](=O)[O-])C(CC#N)N
gen2-torsion	11	c1ncnc(n1)N2CCCC2	c1ncnc(n1)N2CCCC2
gen2-torsion	24	Cc1ccc(cc1)C2(CC2)CN3C(=O)N4[C@H](CCCC4=N3)C(=O)N5CCC(C5)(F)F	Cc1ccc(cc1)C2(CC2)CN3C(=O)N4C(CCCC4=N3)C(=O)N5CCC(C5)(F)F
gen2-torsion	24	c1cc(c(cc1F)[C@H](CF)N)[N+](=O)[O-]	c1cc(c(cc1F)C(CF)N)[N+](=O)[O-]
gen2-torsion	24	CC(C)[C@H](CO)N(Cc1ccccc1)Cc2ccccc2	CC(C)C(CO)N(Cc1ccccc1)Cc2ccccc2
gen2-torsion	15	CNC1=NS(=O)(=O)Oc2c1cccc2	CNC1=NS(=O)(=O)Oc2c1cccc2
gen2-torsion	11	c1ccc2c(c1)ccc(n2)COc3ccc(cc3)C4(CCCCC4)C(=O)O	c1ccc2c(c1)ccc(n2)COc3ccc(cc3)C4(CCCCC4)C(=O)O
gen2-torsion	15	c1ccc2c(c1)C(C(=O)N2)(c3ccc(cc3)O)c4ccc(cc4)O	c1ccc2c(c1)C(C(=O)N2)(c3ccc(cc3)O)c4ccc(cc4)O
gen2-torsion	24	CCC1=NN(C(=O)N1C)C(=O)NC(C)(C)C	CCC1=NN(C(=O)N1C)C(=O)NC(C)(C)C
gen2-torsion	24	Cc1ccccc1/N=N/C2=C(c3ccccc3S2)O	Cc1ccccc1N=NC2=C(c3ccccc3S2)O
gen2-torsion	24	CCCS/C=C\C	CCCSC=CC
gen2-torsion	24	Cc1cccc(c1OCC(=O)NC)C	Cc1cccc(c1OCC(=O)NC)C
gen2-torsion	24	c1cc(c(c(c1)Cl)F)OCC2OCCO2	c1cc(c(c(c1)Cl)F)OCC2OCCO2
gen2-torsion	24	CCC(=O)c1ccccn1	CCC(=O)c1ccccn1
gen2-torsion	48	CC(C)[C@@H](C(=O)NC)N	CC(C)C(C(=O)NC)N
gen2-torsion	24	CC(C)(C)OC(=O)N1CCC[C@H]1CSCCCc2cccnc2	CC(C)(C)OC(=O)N1CCCC1CSCCCc2cccnc2
gen2-torsion	24	C[C@@H](c1cc(ccc1[N+](=O)[O-])F)NO	CC(c1cc(ccc1[N+](=O)[O-])F)NO
gen2-torsion	18	CN1CCN(CC1)C2=Nc3c(cccn3)O2	CN1CCN(CC1)C2=Nc3c(cccn3)O2
gen2-torsion	48	c1ccc(cc1)CN2CCCCC2=O	c1ccc(cc1)CN2CCCCC2=O
gen2-torsion	48	c1cnc(cc1Cl)[S@@](=O)O	c1cnc(cc1Cl)S(=O)O
gen2-torsion	24	Cc1ccccc1C(=O)C	Cc1ccccc1C(=O)C
gen2-torsion	24	CCN\1C(=O)CS/C1=N/S(=O)(=O)c2ccc(cc2)Br	CCN1C(=O)CSC1=NS(=O)(=O)c2ccc(cc2)Br
gen2-torsion	24	c1cc2c(cc1CC(=O)C3CC3)OC(=C2)C(=O)N[C@@H]4CN5CCC4CC5	c1cc2c(cc1CC(=O)C3CC3)OC(=C2)C(=O)NC4CN5CCC4CC5
gen2-torsion	48	CC[C@H]1COC(=O)N1c2cccc(c2)C(=O)C	CCC1COC(=O)N1c2cccc(c2)C(=O)C
gen2-torsion	24	CC(=O)N[P@](=O)(OC)SC	CC(=O)NP(=O)(OC)SC
gen2-torsion	24	CO/N=C\C(=C\c1ccc(cc1)Cl)\C#N	CON=CC(=Cc1ccc(cc1)Cl)C#N
gen2-torsion	48	CC(=O)NC1(CC1)C2=NC=CN2C	CC(=O)NC1(CC1)C2=NC=CN2C
gen2-torsion	24	Cc1ccc(cc1)Nc2c3c(ncn2)CC[N@@](CC3)S(=O)(=O)C	Cc1ccc(cc1)Nc2c3c(ncn2)CCN(CC3)S(=O)(=O)C
gen2-torsion	24	C[C@@H](c1ccccc1)N2CC[NH2+]CC2	CC(c1ccccc1)N2CC[NH2+]CC2
gen2-torsion	48	CCC(=O)C[N+](=O)[O-]	CCC(=O)C[N+](=O)[O-]
gen2-torsion	24	C1CC1NC(=O)C[N@]2C[C@@H](CO2)O	C1CC1NC(=O)CN2CC(CO2)O
gen2-torsion	24	CCN(CC)CCNC(=O)c1ccc(cc1OC)N(S(=O)(=O)C)S(=O)(=O)C	CCN(CC)CCNC(=O)c1ccc(cc1OC)N(S(=O)(=O)C)S(=O)(=O)C
gen2-torsion	24	CCOc1cc2=NN(C=c2cc1NC(=O)C3=COC(=N3)C4CC4)CCC(C)(C)O	CCOc1cc2=NN(C=c2cc1NC(=O)C3=COC(=N3)C4CC4)CCC(C)(C)O
gen2-torsion	24	C1CC1N2C=CC=CC2=O	C1CC1N2C=CC=CC2=O
gen2-torsion	24	COC1CC(C1)N	COC1CC(C1)N
gen2-torsion	24	CN(C)S(=O)(=O)N1C=C(N=C1)CO	CN(C)S(=O)(=O)N1C=C(N=C1)CO
gen2-torsion	48	CC(=O)OC1CC1	CC(=O)OC1CC1
gen2-torsion	24	C(CBr)C1=NN=NN1	C(CBr)C1=NN=NN1
gen2-torsion	48	COC(=O)C1(CC1)F	COC(=O)C1(CC1)F
gen2-torsion	24	CN(C)C(=O)C1=CCNCN1	CN(C)C(=O)C1=CCNCN1
gen2-torsion	24	c1ccc2c(c1)cccc2CS(=O)(=O)C3=CN=NN3	c1ccc2c(c1)cccc2CS(=O)(=O)C3=CN=NN3
gen2-torsion	24	C1=CNC(=C1)[C@H](C(F)(F)F)N	C1=CNC(=C1)C(C(F)(F)F)N
gen2-torsion	24	CN1N=C(N=N1)N/N=N\C2=NN(N=N2)C	CN1N=C(N=N1)NN=NC2=NN(N=N2)C
gen2-torsion	48	CSC(=S)NN	CSC(=S)NN
gen2-torsion	24	c1ccc2c(c1)C3=C(N2)CCN(C3)C(=O)C4=NOC(=C4)C5CC5	c1ccc2c(c1)C3=C(N2)CCN(C3)C(=O)C4=NOC(=C4)C5CC5
gen2-torsion	24	C1CCC(CC1)OC(=O)C2=CSC(=N2)C3CCNCC3	C1CCC(CC1)OC(=O)C2=CSC(=N2)C3CCNCC3
gen2-torsion	48	COC(=O)CC1=CS/C(=N\S(=O)(=O)C)/N1	COC(=O)CC1=CSC(=NS(=O)(=O)C)N1
gen2-torsion	24	C[C@@]12CC=C(C[C@H]1CC[C@H]2OC(C)(C)C)c3ccc(cc3)O	CC12CC=C(CC1CCC2OC(C)(C)C)c3ccc(cc3)O
gen2-torsion	24	CCOC(=O)CSC1=Nc2ccc(cc2O1)N3C[C@@H](OC3=O)CNC(=O)C	CCOC(=O)CSC1=Nc2ccc(cc2O1)N3CC(OC3=O)CNC(=O)C
gen2-torsion	24	CNc1ccccc1C(=O)OC	CNc1ccccc1C(=O)OC
gen2-torsion	8	c1ccc(cc1)NC2=C(NC3=C2C(=O)[C@H]4C[C@@H]4C3)c5ccncc5	c1ccc(cc1)NC2=C(NC3=C2C(=O)C4CC4C3)c5ccncc5
gen2-torsion	24	CCOc1cccc2c1C(=NS(=O)(=O)O2)N	CCOc1cccc2c1C(=NS(=O)(=O)O2)N
gen2-torsion	48	CC(C)S(=O)(=O)Br	CC(C)S(=O)(=O)Br
gen2-torsion	24	CC(C)[N@](C)c1c(cncc1F)F	CC(C)N(C)c1c(cncc1F)F
gen2-torsion	14	CN(C)C(=O)C1=CCNCN1	CN(C)C(=O)C1=CCNCN1
gen2-torsion	48	C[C@H](CO)O	CC(CO)O
gen2-torsion	24	COc1ccc(cc1)C2=C(N=C(N2)C(F)(F)F)c3ccc(cc3)OC	COc1ccc(cc1)C2=C(N=C(N2)C(F)(F)F)c3ccc(cc3)OC
gen2-torsion	11	C1CCC(CC1)N2C(=O)NNC2=O	C1CCC(CC1)N2C(=O)NNC2=O
gen2-torsion	24	CCN1c2ccc(cc2CCC1=O)N3C[C@@H](OC3=O)CO	CCN1c2ccc(cc2CCC1=O)N3CC(OC3=O)CO
gen2-torsion	24	CCN1C(=O)C2=C(N(C1=O)CCC(F)(F)F)SC(=C2C)CN3C(=O)OCC3(C)C	CCN1C(=O)C2=C(N(C1=O)CCC(F)(F)F)SC(=C2C)CN3C(=O)OCC3(C)C
gen2-torsion	48	c1ccc2c(c1)CCCN2C(=O)NC3CC3	c1ccc2c(c1)CCCN2C(=O)NC3CC3
gen2-torsion	24	c1cc(c(c(c1)Br)F)C(=O)C2CC2	c1cc(c(c(c1)Br)F)C(=O)C2CC2
gen2-torsion	24	CCOc1cc(ccc1F)SC	CCOc1cc(ccc1F)SC
gen2-torsion	18	C[C@@H]1C=NCC[N@]1Cc2ccccc2	CC1C=NCCN1Cc2ccccc2
gen2-torsion	48	C1=C(SN=N1)CNN	C1=C(SN=N1)CNN
gen2-torsion	24	CNC(=O)NC1CC1	CNC(=O)NC1CC1
gen2-torsion	24	C[C@@H](COC)NC(=O)C	CC(COC)NC(=O)C
gen2-torsion	24	C1CC1NC(=O)C[N@@]2C[C@@H](CO2)O	C1CC1NC(=O)CN2CC(CO2)O
gen2-torsion	24	COC(=O)CC1=CS/C(=N/S(=O)(=O)C)/N1	COC(=O)CC1=CSC(=NS(=O)(=O)C)N1
gen2-torsion	48	COC(O)OC	COC(O)OC
gen2-torsion	24	CNCCSSC	CNCCSSC
gen2-torsion	24	CC1(c2ccccc2C3(O1)CCNCC3)C	CC1(c2ccccc2C3(O1)CCNCC3)C
gen2-torsion	24	c1cc(c(c(c1)F)CS(=O)(=O)C(F)(F)F)F	c1cc(c(c(c1)F)CS(=O)(=O)C(F)(F)F)F
gen2-torsion	48	CCOP(=O)(N)OCC	CCOP(=O)(N)OCC
gen2-torsion	26	C1CC1NC(=O)C[N@]2C[C@@H](CO2)O	C1CC1NC(=O)CN2CC(CO2)O
gen2-torsion	48	CS(=O)(=O)CN	CS(=O)(=O)CN
gen2-torsion	24	c1cc(ccc1C[C@@H](C(=O)O)N)OCCF	c1cc(ccc1CC(C(=O)O)N)OCCF
gen2-torsion	48	CCN(CC)/N=N\C1=C(NC=N1)[N+](=O)[O-]	CCN(CC)N=NC1=C(NC=N1)[N+](=O)[O-]
gen2-torsion	48	c1ccc(cc1)OCC2=NCC=CN2	c1ccc(cc1)OCC2=NCC=CN2
gen2-torsion	48	C[C@H](c1ccccc1)S(=O)(=O)C	CC(c1ccccc1)S(=O)(=O)C
gen2-torsion	24	CC(=[O+]c1ccccc1)C	CC(=[O+]c1ccccc1)C
gen2-torsion	48	CN(C)S(=O)(=O)NC1CCCCC1	CN(C)S(=O)(=O)NC1CCCCC1
gen2-torsion	13	C1CS(=O)(=O)CCC12CN=C(O2)N	C1CS(=O)(=O)CCC12CN=C(O2)N
gen2-torsion	24	CNC(=O)CCS(=O)(=O)c1ccccc1	CNC(=O)CCS(=O)(=O)c1ccccc1
gen2-torsion	24	CC/C(=C\C)/C	CCC(=CC)C
gen2-torsion	24	CC(=O)N[C@H]1CCCc2c1cccc2	CC(=O)NC1CCCc2c1cccc2
gen2-torsion	24	c1cc(c(cc1Br)[N+](=O)[O-])CCO	c1cc(c(cc1Br)[N+](=O)[O-])CCO
gen2-torsion	24	C[C@H]1[C@@H]2CCCCN2/C(=N/c3cc(c(cc3F)Cl)O)/O1	CC1C2CCCCN2C(=Nc3cc(c(cc3F)Cl)O)O1
gen2-torsion	24	C1CC[C@@H]([C@H](C1)CC2=NC=CN2)O	C1CCC(C(C1)CC2=NC=CN2)O
gen2-torsion	11	CC(C)c1c(c(c(c(n1)C(C)C)[C@@H](C(C)C)O)c2ccc(cc2)F)CO	CC(C)c1c(c(c(c(n1)C(C)C)C(C(C)C)O)c2ccc(cc2)F)CO
gen2-torsion	24	CC(=O)C1=NOC=C1	CC(=O)C1=NOC=C1
gen2-torsion	48	c1cc(c(cc1Br)OCCBr)Br	c1cc(c(cc1Br)OCCBr)Br
gen2-torsion	24	C[C@H]1C(=O)N(c2ccc(nc2[N@@]1C3CCOCC3)Nc4ccc(cc4)S(=O)(=O)C)C	CC1C(=O)N(c2ccc(nc2N1C3CCOCC3)Nc4ccc(cc4)S(=O)(=O)C)C
gen2-torsion	24	C1=CSC(=C1S(=O)(=O)N)[N+](=O)[O-]	C1=CSC(=C1S(=O)(=O)N)[N+](=O)[O-]
gen2-torsion	11	c1nc(c(c(n1)O)Br)C2CC2	c1nc(c(c(n1)O)Br)C2CC2
gen2-torsion	18	C[C@H](C1=NC(=O)NN1)NC#N	CC(C1=NC(=O)NN1)NC#N
gen2-torsion	48	COC(=O)CC1(CC1)N	COC(=O)CC1(CC1)N
gen2-torsion	18	Cc1cc(c(c(c1C)/N=N\C2=[N+](c3ccccc3N2C)C)C)C	Cc1cc(c(c(c1C)N=NC2=[N+](c3ccccc3N2C)C)C)C
gen2-torsion	24	CC(C)[C@@H](CO)Nc1c(cnc(n1)Nc2ccc(cc2)S(=O)(=O)NO)Br	CC(C)C(CO)Nc1c(cnc(n1)Nc2ccc(cc2)S(=O)(=O)NO)Br
gen2-torsion	48	CC(=O)C1=CC=CC(=O)N1	CC(=O)C1=CC=CC(=O)N1
gen2-torsion	24	C(=[NH2+])N	C(=[NH2+])N
gen2-torsion	24	C[C@]1(CCN(CC1(C)C)C(=O)C[N@@]2CCOc3ccccc3C2)O	CC1(CN(CCC1(C)O)C(=O)CN2CCOc3ccccc3C2)C
gen2-torsion	18	c1cc(c(nc1)C2CCCC2)F	c1cc(c(nc1)C2CCCC2)F
gen2-torsion	24	CC(C)(C)OOC(C)(C)C	CC(C)(C)OOC(C)(C)C
gen2-torsion	24	c1ccc(cc1)CCS(=O)(=O)CCO	c1ccc(cc1)CCS(=O)(=O)CCO
